Opportunity.Id,CreatedDate__c,CloseDate__c,StageName__c,Amount__c,ForecastCategory__c,ExpectedRevenue__c,Probability__c
W_Opportunity.35,2015-06-05 02:50:05,2015-11-21 02:50:05,Closed Lost,131500,,19925.4,74
W_Opportunity.98,2016-08-07 20:17:53,2017-02-18 20:17:53,Needs Analysis,104400,,72821.6,95
W_Opportunity.9,2016-03-11 16:46:58,2016-07-16 16:46:58,Proposal/Quote,141500,,34705.9,79
W_Opportunity.32,2016-08-24 03:53:02,2017-02-19 03:53:02,Closed Lost,128800,,80747.91,65
W_Opportunity.25,2016-09-22 02:51:49,2016-12-22 02:51:49,Closed Lost,165600,,55074.88,15
W_Opportunity.56,2015-04-06 22:21:14,2015-07-30 22:21:14,Qualification,159900,,15794.94,82
W_Opportunity.23,2016-08-04 20:42:31,2016-11-21 20:42:31,Closed Lost,150300,,65619.24,62
W_Opportunity.42,2016-12-29 13:16:14,2017-03-16 13:16:14,Closed Won,172300,,56002.44,80
W_Opportunity.24,2016-10-20 10:00:15,2017-05-18 10:00:15,Needs Analysis,111100,,40503.87,46
W_Opportunity.45,2016-12-07 07:04:57,2017-02-27 07:04:57,Negotiation,228900,,87826.75,52
W_Opportunity.23,2015-06-03 15:17:48,2015-08-02 15:17:48,Needs Analysis,76600,,64445.94,90
W_Opportunity.68,2016-04-17 16:35:40,2016-11-06 16:35:40,Closed Won,162500,,13184.98,57
W_Opportunity.59,2015-06-15 16:01:55,2015-11-04 16:01:55,Negotiation,108100,,17554.54,56
W_Opportunity.17,2016-12-17 17:58:04,2017-07-09 17:58:04,Negotiation,142600,,81753.55,90
W_Opportunity.44,2015-07-23 15:40:40,2016-01-09 15:40:40,Closed Lost,137700,,23461.73,18
W_Opportunity.85,2015-01-13 01:20:16,2015-05-15 01:20:16,Qualification,191500,,42108.81,99
W_Opportunity.17,2015-01-16 09:05:11,2015-07-16 09:05:11,Negotiation,151100,,72021.39,49
W_Opportunity.31,2016-08-28 21:27:05,2016-12-01 21:27:05,Qualification,129300,,6043.86,34
W_Opportunity.85,2016-04-05 06:37:32,2016-06-16 06:37:32,Needs Analysis,187800,,79574.97,60
W_Opportunity.86,2015-04-11 06:50:56,2015-09-01 06:50:56,Needs Analysis,100100,,57384.79,93
W_Opportunity.90,2015-02-04 08:40:31,2015-04-16 08:40:31,Proposal/Quote,144000,,28694.36,9
W_Opportunity.39,2015-11-09 11:32:42,2016-03-25 11:32:42,Negotiation,101300,,39714.0,64
W_Opportunity.93,2016-01-30 09:44:41,2016-08-06 09:44:41,Closed Won,176700,,97184.1,100
W_Opportunity.60,2016-08-29 23:53:07,2017-02-12 23:53:07,Proposal/Quote,140900,,25666.32,64
W_Opportunity.14,2016-12-02 12:45:52,2017-03-07 12:45:52,Closed Lost,152100,,94319.52,20
W_Opportunity.30,2016-07-28 08:11:10,2017-02-20 08:11:10,Closed Lost,104900,,71570.36,33
W_Opportunity.77,2015-08-27 05:31:58,2015-11-21 05:31:58,Negotiation,181300,,66899.41,23
W_Opportunity.10,2015-03-22 15:56:19,2015-07-04 15:56:19,Closed Won,137800,,96798.46,21
W_Opportunity.97,2016-02-27 11:42:52,2016-08-09 11:42:52,Closed Lost,129400,,84353.54,79
W_Opportunity.90,2016-10-02 06:11:34,2017-01-27 06:11:34,Needs Analysis,98100,,37657.41,73
W_Opportunity.14,2015-02-09 11:31:48,2015-05-10 11:31:48,Qualification,132900,,20770.66,43
W_Opportunity.63,2016-06-03 17:01:24,2016-12-29 17:01:24,Closed Lost,124600,,58631.13,69
W_Opportunity.8,2015-01-27 13:06:44,2015-06-11 13:06:44,Negotiation,148900,,74998.59,94
W_Opportunity.53,2016-03-31 00:26:16,2016-09-04 00:26:16,Proposal/Quote,167400,,33819.1,2
W_Opportunity.17,2015-02-20 20:53:07,2015-08-10 20:53:07,Closed Lost,207600,,50538.52,99
W_Opportunity.47,2016-07-08 20:14:24,2016-09-18 20:14:24,Qualification,101400,,46574.93,43
W_Opportunity.98,2016-10-13 21:55:20,2017-04-06 21:55:20,Proposal/Quote,101600,,68602.54,83
W_Opportunity.20,2016-07-09 06:25:53,2016-10-20 06:25:53,Negotiation,128200,,68716.88,45
W_Opportunity.33,2016-01-23 15:28:28,2016-07-08 15:28:28,Needs Analysis,112800,,83145.82,14
W_Opportunity.20,2016-10-23 01:46:27,2017-03-17 01:46:27,Proposal/Quote,159000,,51898.48,93
W_Opportunity.79,2016-01-18 03:09:17,2016-06-16 03:09:17,Closed Won,141800,,68738.75,63
W_Opportunity.44,2016-03-25 14:34:17,2016-09-16 14:34:17,Closed Won,130100,,89797.76,3
W_Opportunity.77,2015-02-13 23:11:23,2015-08-24 23:11:23,Needs Analysis,152500,,45263.3,94
W_Opportunity.47,2016-03-22 17:17:57,2016-07-30 17:17:57,Negotiation,141700,,49591.44,91
W_Opportunity.24,2015-08-10 16:16:36,2015-11-26 16:16:36,Negotiation,125400,,84208.59,99
W_Opportunity.8,2016-10-13 01:46:17,2017-01-03 01:46:17,Needs Analysis,149600,,14435.42,85
W_Opportunity.37,2016-01-12 10:22:31,2016-08-09 10:22:31,Closed Won,148800,,76250.75,60
W_Opportunity.89,2015-07-12 07:46:24,2015-12-18 07:46:24,Negotiation,152500,,93876.8,15
W_Opportunity.76,2015-12-01 15:48:10,2016-02-21 15:48:10,Negotiation,160800,,38870.87,61
W_Opportunity.14,2016-10-08 13:02:16,2017-01-09 13:02:16,Negotiation,188300,,53673.0,65
W_Opportunity.16,2015-02-24 21:52:12,2015-05-25 21:52:12,Qualification,149000,,64354.01,52
W_Opportunity.1,2016-08-22 23:04:26,2017-02-24 23:04:26,Needs Analysis,170400,,31031.77,54
W_Opportunity.7,2015-01-24 14:10:37,2015-05-26 14:10:37,Closed Won,101800,,31528.24,81
W_Opportunity.3,2016-05-19 07:45:42,2016-10-11 07:45:42,Negotiation,170800,,44426.89,80
W_Opportunity.86,2015-09-24 16:11:07,2016-01-09 16:11:07,Proposal/Quote,110600,,40690.67,99
W_Opportunity.90,2016-01-18 21:07:38,2016-08-15 21:07:38,Needs Analysis,126700,,46733.08,2
W_Opportunity.31,2016-12-16 04:37:06,2017-06-15 04:37:06,Proposal/Quote,92300,,81773.54,21
W_Opportunity.40,2016-06-06 19:00:59,2016-09-07 19:00:59,Closed Won,125500,,64992.09,32
W_Opportunity.66,2016-08-17 02:18:01,2016-11-09 02:18:01,Negotiation,79300,,63521.95,77
W_Opportunity.54,2016-04-18 10:35:49,2016-06-18 10:35:49,Closed Won,149900,,75056.3,83
W_Opportunity.9,2015-12-09 01:22:53,2016-05-11 01:22:53,Proposal/Quote,179300,,89116.12,75
W_Opportunity.3,2015-07-06 16:51:46,2015-11-03 16:51:46,Needs Analysis,203600,,56286.06,11
W_Opportunity.93,2015-12-29 09:43:52,2016-06-01 09:43:52,Proposal/Quote,98700,,76001.88,77
W_Opportunity.5,2016-02-06 16:37:02,2016-05-17 16:37:02,Proposal/Quote,162000,,93816.89,71
W_Opportunity.22,2015-04-17 18:57:08,2015-11-09 18:57:08,Qualification,173400,,81550.96,61
W_Opportunity.35,2016-10-27 08:17:35,2017-02-24 08:17:35,Qualification,126300,,91922.19,74
W_Opportunity.46,2015-02-02 03:13:54,2015-04-10 03:13:54,Needs Analysis,172400,,82909.15,45
W_Opportunity.23,2015-04-10 17:36:53,2015-07-09 17:36:53,Closed Lost,114800,,83652.32,36
W_Opportunity.39,2015-07-05 22:59:34,2015-10-15 22:59:34,Negotiation,110600,,79105.35,63
W_Opportunity.21,2015-05-18 21:24:21,2015-09-01 21:24:21,Negotiation,122700,,22221.5,68
W_Opportunity.42,2015-08-29 08:05:06,2015-11-08 08:05:06,Proposal/Quote,119500,,92954.02,12
W_Opportunity.53,2016-06-07 17:20:51,2016-08-08 17:20:51,Negotiation,105600,,86795.0,7
W_Opportunity.43,2016-03-05 20:29:55,2016-06-25 20:29:55,Qualification,125400,,80851.01,93
W_Opportunity.100,2016-03-03 14:23:14,2016-09-01 14:23:14,Negotiation,125200,,34611.75,82
W_Opportunity.61,2015-12-30 02:05:57,2016-05-19 02:05:57,Proposal/Quote,168000,,61040.36,11
W_Opportunity.63,2016-10-02 21:38:58,2017-01-29 21:38:58,Negotiation,91000,,11893.2,86
W_Opportunity.41,2016-04-16 17:13:10,2016-10-07 17:13:10,Closed Lost,103000,,22514.65,94
W_Opportunity.39,2016-11-18 07:45:28,2017-01-31 07:45:28,Qualification,251300,,55886.86,94
W_Opportunity.92,2016-04-07 00:05:24,2016-06-06 00:05:24,Closed Won,142100,,82024.23,67
W_Opportunity.25,2016-11-06 17:39:22,2017-06-03 17:39:22,Closed Lost,153200,,65695.43,69
W_Opportunity.73,2015-04-17 11:22:35,2015-07-03 11:22:35,Proposal/Quote,145200,,67311.37,19
W_Opportunity.86,2015-04-26 08:29:49,2015-07-19 08:29:49,Closed Lost,101400,,52854.07,50
W_Opportunity.59,2015-07-18 09:18:41,2015-12-04 09:18:41,Negotiation,151300,,81400.08,80
W_Opportunity.48,2016-05-10 18:23:35,2016-07-15 18:23:35,Closed Lost,102600,,69350.57,22
W_Opportunity.8,2016-02-18 03:10:25,2016-06-22 03:10:25,Needs Analysis,174000,,31524.09,52
W_Opportunity.62,2016-05-14 08:05:51,2016-09-14 08:05:51,Closed Won,133200,,93721.86,98
W_Opportunity.9,2015-10-20 18:22:04,2016-04-05 18:22:04,Closed Lost,126500,,69456.75,14
W_Opportunity.5,2016-11-23 10:53:01,2017-02-26 10:53:01,Proposal/Quote,159600,,25090.28,7
W_Opportunity.76,2015-11-26 17:32:03,2016-02-04 17:32:03,Proposal/Quote,105700,,75284.86,10
W_Opportunity.26,2016-05-20 00:35:56,2016-10-18 00:35:56,Closed Lost,134800,,71978.11,66
W_Opportunity.20,2015-11-02 12:07:33,2016-04-12 12:07:33,Negotiation,112600,,49268.22,97
W_Opportunity.88,2015-06-15 01:36:51,2015-12-19 01:36:51,Negotiation,115300,,93590.76,67
W_Opportunity.97,2016-10-11 10:58:45,2017-05-03 10:58:45,Negotiation,184500,,15674.93,7
W_Opportunity.19,2015-12-30 09:10:13,2016-04-16 09:10:13,Qualification,171300,,51020.62,72
W_Opportunity.4,2016-03-05 04:47:01,2016-09-19 04:47:01,Proposal/Quote,172200,,98388.76,28
W_Opportunity.65,2016-01-15 19:38:08,2016-06-14 19:38:08,Proposal/Quote,148600,,89375.66,14
W_Opportunity.48,2015-02-16 01:02:44,2015-06-02 01:02:44,Negotiation,149300,,65331.95,4
W_Opportunity.1,2016-10-26 04:01:05,2017-05-09 04:01:05,Closed Lost,129500,,92332.77,71
W_Opportunity.92,2015-09-21 20:45:33,2016-02-20 20:45:33,Closed Lost,131300,,26839.66,60
W_Opportunity.42,2016-09-10 17:17:07,2017-02-18 17:17:07,Negotiation,157000,,41461.86,21
W_Opportunity.32,2015-03-19 07:19:09,2015-10-04 07:19:09,Proposal/Quote,161000,,59497.09,68
W_Opportunity.28,2015-12-17 00:17:22,2016-05-15 00:17:22,Closed Lost,76300,,35266.19,78
W_Opportunity.26,2016-10-21 11:33:34,2017-05-09 11:33:34,Closed Won,118000,,18722.08,66
W_Opportunity.24,2016-11-04 04:44:18,2017-02-22 04:44:18,Proposal/Quote,152200,,15049.93,80
W_Opportunity.70,2015-03-11 16:43:15,2015-08-29 16:43:15,Closed Lost,155800,,14082.61,76
W_Opportunity.69,2015-12-21 19:48:32,2016-06-17 19:48:32,Needs Analysis,162600,,71564.02,37
W_Opportunity.7,2016-02-23 02:00:34,2016-05-16 02:00:34,Proposal/Quote,167700,,43429.11,73
W_Opportunity.56,2015-07-09 04:29:29,2015-11-11 04:29:29,Qualification,163900,,36337.52,82
W_Opportunity.5,2015-01-02 20:10:18,2015-04-01 20:10:18,Closed Lost,112800,,58342.32,26
W_Opportunity.19,2016-11-24 22:55:38,2017-04-28 22:55:38,Closed Lost,168100,,8128.73,51
W_Opportunity.11,2015-07-14 04:49:16,2015-11-18 04:49:16,Proposal/Quote,172300,,29499.37,68
W_Opportunity.46,2015-08-29 07:56:03,2016-03-04 07:56:03,Closed Lost,136700,,23447.48,77
W_Opportunity.28,2016-09-06 11:07:13,2016-11-12 11:07:13,Qualification,113000,,69258.42,31
W_Opportunity.32,2015-06-06 18:51:12,2015-12-08 18:51:12,Needs Analysis,174900,,60028.8,86
W_Opportunity.79,2015-04-17 09:25:18,2015-10-19 09:25:18,Closed Lost,127100,,82286.01,47
W_Opportunity.32,2016-09-12 08:11:12,2016-12-18 08:11:12,Needs Analysis,152800,,14899.41,82
W_Opportunity.86,2016-10-01 09:53:41,2017-04-06 09:53:41,Needs Analysis,132600,,18885.81,68
W_Opportunity.57,2016-03-22 04:54:05,2016-08-23 04:54:05,Proposal/Quote,72300,,78491.04,46
W_Opportunity.57,2015-09-26 00:33:59,2016-03-21 00:33:59,Closed Won,145400,,52206.88,34
W_Opportunity.37,2015-03-13 06:02:17,2015-07-01 06:02:17,Needs Analysis,160900,,25947.62,78
W_Opportunity.36,2015-09-07 13:27:42,2016-03-29 13:27:42,Negotiation,160600,,36499.95,25
W_Opportunity.29,2015-11-22 02:23:35,2016-04-27 02:23:35,Proposal/Quote,86300,,46202.56,95
W_Opportunity.22,2015-05-22 10:48:58,2015-09-30 10:48:58,Qualification,84400,,66017.53,62
W_Opportunity.79,2016-10-14 16:38:56,2017-01-22 16:38:56,Needs Analysis,169200,,33897.27,36
W_Opportunity.99,2016-07-12 18:39:09,2016-11-09 18:39:09,Closed Lost,227300,,51535.74,41
W_Opportunity.20,2016-12-03 13:37:36,2017-04-10 13:37:36,Needs Analysis,143300,,96097.16,68
W_Opportunity.47,2016-05-31 17:44:03,2016-09-30 17:44:03,Needs Analysis,124600,,99706.36,6
W_Opportunity.95,2015-05-06 16:15:45,2015-08-14 16:15:45,Negotiation,81200,,60990.12,37
W_Opportunity.77,2015-10-15 01:35:26,2016-04-11 01:35:26,Needs Analysis,122500,,85643.17,53
W_Opportunity.49,2015-10-16 00:11:33,2016-04-22 00:11:33,Closed Won,161000,,37560.39,3
W_Opportunity.42,2016-11-26 08:33:16,2017-04-23 08:33:16,Needs Analysis,175000,,52976.63,96
W_Opportunity.46,2015-11-08 12:16:30,2016-02-10 12:16:30,Closed Lost,111500,,61458.41,9
W_Opportunity.58,2016-12-10 02:17:26,2017-03-03 02:17:26,Qualification,83900,,7196.54,36
W_Opportunity.37,2015-03-03 07:30:48,2015-09-13 07:30:48,Negotiation,176300,,78791.36,8
W_Opportunity.97,2015-04-03 20:38:54,2015-09-28 20:38:54,Proposal/Quote,180500,,92706.89,27
W_Opportunity.41,2016-01-09 22:27:23,2016-05-04 22:27:23,Closed Won,205200,,23634.6,22
W_Opportunity.61,2015-02-23 12:04:31,2015-05-04 12:04:31,Qualification,154600,,42153.42,77
W_Opportunity.64,2015-03-06 18:06:35,2015-09-07 18:06:35,Needs Analysis,78800,,24723.07,76
W_Opportunity.80,2016-01-20 08:19:46,2016-04-11 08:19:46,Proposal/Quote,118200,,64397.02,84
W_Opportunity.3,2015-10-26 19:29:07,2016-03-11 19:29:07,Closed Won,119500,,82789.31,74
W_Opportunity.56,2015-06-13 05:00:43,2015-10-25 05:00:43,Negotiation,125000,,37785.13,58
W_Opportunity.36,2015-09-07 08:00:43,2015-11-10 08:00:43,Closed Lost,172900,,71810.61,26
W_Opportunity.98,2015-09-02 00:56:58,2015-12-12 00:56:58,Qualification,128700,,19466.53,99
W_Opportunity.26,2015-02-22 09:01:59,2015-09-03 09:01:59,Qualification,89100,,8657.82,46
W_Opportunity.5,2015-01-04 09:35:06,2015-05-15 09:35:06,Proposal/Quote,151500,,68999.2,16
W_Opportunity.75,2016-09-13 15:49:51,2016-11-23 15:49:51,Closed Lost,118400,,89371.75,52
W_Opportunity.11,2016-10-09 06:43:07,2016-12-26 06:43:07,Closed Won,136900,,45539.6,28
W_Opportunity.67,2016-09-25 05:05:49,2016-12-26 05:05:49,Closed Won,102500,,14608.21,70
W_Opportunity.34,2015-04-23 08:33:17,2015-08-03 08:33:17,Qualification,233800,,65657.38,39
W_Opportunity.98,2016-01-12 00:51:26,2016-06-14 00:51:26,Needs Analysis,176600,,86923.19,99
W_Opportunity.26,2016-06-14 03:41:38,2016-09-16 03:41:38,Needs Analysis,134700,,50229.83,90
W_Opportunity.69,2016-09-02 02:05:39,2017-03-13 02:05:39,Proposal/Quote,124200,,55505.55,61
W_Opportunity.36,2016-09-11 14:02:43,2016-12-12 14:02:43,Closed Lost,112400,,25840.26,7
W_Opportunity.26,2015-11-30 16:33:03,2016-06-14 16:33:03,Proposal/Quote,138100,,26019.58,74
W_Opportunity.67,2016-05-04 18:57:53,2016-08-08 18:57:53,Proposal/Quote,142300,,53378.35,81
W_Opportunity.77,2015-09-16 10:09:49,2016-04-02 10:09:49,Needs Analysis,102200,,92977.56,88
W_Opportunity.78,2016-03-17 12:14:39,2016-05-26 12:14:39,Negotiation,130900,,29617.17,2
W_Opportunity.58,2015-01-09 11:34:34,2015-07-16 11:34:34,Needs Analysis,200900,,54859.6,25
W_Opportunity.97,2016-06-22 08:26:25,2016-08-29 08:26:25,Negotiation,161300,,99388.71,42
W_Opportunity.26,2016-11-28 02:39:59,2017-04-23 02:39:59,Negotiation,145100,,26794.92,55
W_Opportunity.42,2015-03-31 09:09:19,2015-06-11 09:09:19,Closed Lost,202400,,50870.9,100
W_Opportunity.95,2015-04-27 14:31:22,2015-10-18 14:31:22,Closed Lost,95900,,73671.09,37
W_Opportunity.14,2016-09-05 10:27:08,2017-03-21 10:27:08,Negotiation,149700,,51313.43,44
W_Opportunity.53,2015-03-30 00:55:01,2015-09-30 00:55:01,Proposal/Quote,168200,,17473.1,74
W_Opportunity.8,2016-04-13 23:23:21,2016-10-07 23:23:21,Qualification,156900,,98732.89,91
W_Opportunity.76,2015-01-03 20:33:18,2015-03-17 20:33:18,Needs Analysis,110600,,34289.36,48
W_Opportunity.21,2015-10-01 02:26:51,2015-12-21 02:26:51,Negotiation,150900,,60216.79,47
W_Opportunity.93,2015-07-06 01:34:10,2015-12-05 01:34:10,Closed Won,169700,,55495.27,91
W_Opportunity.15,2016-03-05 12:37:20,2016-05-29 12:37:20,Qualification,101700,,54132.12,20
W_Opportunity.81,2016-08-03 20:06:09,2016-10-24 20:06:09,Qualification,82700,,10667.27,37
W_Opportunity.75,2016-11-27 22:46:52,2017-02-06 22:46:52,Closed Won,143400,,23816.73,28
W_Opportunity.88,2016-08-25 20:12:08,2016-10-28 20:12:08,Needs Analysis,123600,,50377.11,15
W_Opportunity.40,2015-06-26 02:25:23,2015-09-28 02:25:23,Needs Analysis,160100,,24505.19,14
W_Opportunity.65,2015-01-30 13:25:38,2015-07-03 13:25:38,Qualification,128500,,34763.99,78
W_Opportunity.48,2016-12-06 23:05:28,2017-04-22 23:05:28,Closed Won,170500,,5891.0,89
W_Opportunity.83,2015-05-20 17:04:13,2015-08-07 17:04:13,Needs Analysis,91000,,74701.53,15
W_Opportunity.81,2016-08-08 02:39:56,2017-01-30 02:39:56,Needs Analysis,125200,,6147.19,96
W_Opportunity.63,2015-01-07 12:38:31,2015-06-17 12:38:31,Qualification,143600,,54985.06,93
W_Opportunity.35,2015-02-22 20:40:22,2015-08-08 20:40:22,Proposal/Quote,100600,,52881.88,46
W_Opportunity.85,2015-12-13 10:18:19,2016-05-09 10:18:19,Needs Analysis,123900,,92725.13,63
W_Opportunity.10,2016-10-19 18:04:03,2017-02-09 18:04:03,Qualification,140000,,25124.21,41
W_Opportunity.99,2015-09-01 05:56:26,2016-02-08 05:56:26,Proposal/Quote,117200,,68711.28,30
W_Opportunity.94,2016-09-16 04:38:40,2017-01-06 04:38:40,Qualification,76000,,74411.0,54
W_Opportunity.40,2016-04-02 23:48:06,2016-07-05 23:48:06,Proposal/Quote,117800,,50570.16,35
W_Opportunity.73,2015-07-02 03:22:44,2015-10-26 03:22:44,Needs Analysis,103900,,88695.85,13
W_Opportunity.32,2016-02-22 20:50:43,2016-08-24 20:50:43,Proposal/Quote,126300,,41771.48,22
W_Opportunity.4,2016-03-01 00:15:31,2016-08-09 00:15:31,Closed Won,107700,,17638.68,47
W_Opportunity.13,2015-04-06 14:17:14,2015-06-16 14:17:14,Qualification,55200,,78045.35,25
W_Opportunity.60,2015-10-31 01:59:53,2016-02-22 01:59:53,Qualification,117500,,22319.94,60
W_Opportunity.45,2016-06-17 07:11:55,2016-11-19 07:11:55,Needs Analysis,133700,,35613.24,43
W_Opportunity.21,2015-01-11 23:52:18,2015-08-09 23:52:18,Closed Won,196900,,30591.65,30
W_Opportunity.68,2015-10-01 01:28:52,2016-01-11 01:28:52,Proposal/Quote,167300,,99626.5,100
W_Opportunity.46,2015-06-19 12:07:17,2015-11-19 12:07:17,Needs Analysis,144300,,12630.53,43
W_Opportunity.3,2016-04-27 10:45:24,2016-09-08 10:45:24,Qualification,184300,,72810.5,57
W_Opportunity.22,2015-01-17 08:06:04,2015-03-25 08:06:04,Qualification,135100,,11699.67,71
W_Opportunity.32,2015-05-06 19:23:38,2015-08-05 19:23:38,Closed Won,148800,,25344.78,67
W_Opportunity.18,2015-09-27 06:18:48,2015-12-12 06:18:48,Needs Analysis,175400,,96744.0,35
W_Opportunity.96,2016-10-04 18:09:56,2017-03-23 18:09:56,Proposal/Quote,163700,,30378.35,49
W_Opportunity.33,2016-05-27 01:18:41,2016-10-12 01:18:41,Negotiation,129900,,65455.24,5
W_Opportunity.12,2015-03-18 17:52:29,2015-08-02 17:52:29,Negotiation,171400,,86772.58,24
W_Opportunity.61,2016-01-19 13:18:59,2016-08-08 13:18:59,Closed Lost,220500,,23569.51,44
W_Opportunity.56,2016-12-09 01:30:55,2017-02-13 01:30:55,Qualification,214600,,10000.47,9
W_Opportunity.97,2016-10-20 20:05:38,2017-01-25 20:05:38,Qualification,172500,,11816.26,81
W_Opportunity.25,2015-12-31 21:07:42,2016-05-19 21:07:42,Negotiation,189100,,70839.31,19
W_Opportunity.59,2016-10-16 11:51:17,2017-02-01 11:51:17,Needs Analysis,138800,,73646.31,14
W_Opportunity.76,2015-06-05 05:59:12,2015-09-24 05:59:12,Closed Lost,92800,,50171.47,70
W_Opportunity.60,2016-01-25 23:07:03,2016-08-15 23:07:03,Closed Won,146200,,35707.76,66
W_Opportunity.89,2015-10-24 10:04:12,2016-03-05 10:04:12,Qualification,108500,,74758.84,25
W_Opportunity.44,2015-03-05 06:44:27,2015-09-16 06:44:27,Needs Analysis,150500,,14203.51,66
W_Opportunity.30,2015-11-21 21:15:32,2016-01-24 21:15:32,Qualification,192500,,95054.52,65
W_Opportunity.35,2015-06-20 06:39:37,2015-11-28 06:39:37,Negotiation,135700,,88797.82,100
W_Opportunity.38,2016-09-23 11:03:00,2017-01-30 11:03:00,Negotiation,171000,,99361.06,70
W_Opportunity.2,2015-06-30 10:27:53,2015-12-11 10:27:53,Closed Won,67900,,11027.4,39
W_Opportunity.69,2015-08-21 19:12:36,2016-03-11 19:12:36,Qualification,212900,,84126.4,22
W_Opportunity.21,2015-07-20 23:25:13,2015-12-06 23:25:13,Negotiation,165300,,99334.02,59
W_Opportunity.9,2016-04-01 17:55:46,2016-06-22 17:55:46,Negotiation,131500,,67721.85,81
W_Opportunity.28,2016-01-19 16:17:31,2016-03-22 16:17:31,Qualification,137100,,83580.09,54
W_Opportunity.74,2016-02-26 18:53:11,2016-07-19 18:53:11,Proposal/Quote,138000,,46094.66,13
W_Opportunity.73,2015-10-29 17:03:49,2016-02-12 17:03:49,Qualification,158600,,12062.29,55
W_Opportunity.86,2015-10-18 22:17:48,2016-03-01 22:17:48,Proposal/Quote,95100,,16238.84,59
W_Opportunity.79,2015-01-10 18:16:19,2015-07-21 18:16:19,Closed Lost,100700,,46238.11,5
W_Opportunity.98,2015-05-22 01:53:23,2015-10-29 01:53:23,Proposal/Quote,93000,,29144.78,90
W_Opportunity.28,2015-02-27 14:40:40,2015-06-29 14:40:40,Closed Won,111000,,51312.7,83
W_Opportunity.32,2015-12-12 21:48:40,2016-05-06 21:48:40,Needs Analysis,114600,,36176.7,93
W_Opportunity.1,2016-10-31 19:27:58,2017-04-16 19:27:58,Closed Lost,145100,,82229.42,40
W_Opportunity.64,2015-11-22 00:30:15,2016-02-11 00:30:15,Negotiation,164400,,62117.98,47
W_Opportunity.68,2016-05-22 03:55:22,2016-11-02 03:55:22,Needs Analysis,142100,,85012.23,39
W_Opportunity.35,2015-04-11 14:45:25,2015-08-17 14:45:25,Proposal/Quote,118700,,25404.95,2
W_Opportunity.47,2016-08-10 15:12:00,2017-03-07 15:12:00,Negotiation,183000,,98997.76,54
W_Opportunity.54,2016-01-21 11:12:43,2016-04-17 11:12:43,Closed Won,118500,,62411.8,72
W_Opportunity.6,2015-10-20 08:07:27,2016-03-02 08:07:27,Closed Won,111300,,91316.33,29
W_Opportunity.73,2015-03-16 08:25:58,2015-09-12 08:25:58,Proposal/Quote,103100,,10274.67,37
W_Opportunity.14,2016-05-14 08:05:29,2016-10-08 08:05:29,Negotiation,109200,,83339.24,17
W_Opportunity.39,2016-10-13 22:45:53,2017-01-29 22:45:53,Negotiation,148400,,32732.31,80
W_Opportunity.45,2015-03-03 09:50:56,2015-08-20 09:50:56,Needs Analysis,155300,,45545.7,73
W_Opportunity.21,2015-10-24 23:48:50,2016-02-10 23:48:50,Closed Won,89800,,66710.21,60
W_Opportunity.1,2015-09-05 09:31:40,2016-04-02 09:31:40,Negotiation,178100,,52403.68,65
W_Opportunity.43,2015-12-22 13:17:30,2016-06-27 13:17:30,Needs Analysis,158600,,32998.04,47
W_Opportunity.44,2015-03-03 22:13:06,2015-09-21 22:13:06,Proposal/Quote,135400,,27093.66,35
W_Opportunity.31,2015-11-29 16:12:55,2016-06-16 16:12:55,Qualification,145100,,15896.59,18
W_Opportunity.34,2015-06-27 15:52:41,2015-10-26 15:52:41,Needs Analysis,124400,,72433.68,87
W_Opportunity.81,2015-03-15 03:40:43,2015-09-04 03:40:43,Negotiation,171600,,52121.06,23
W_Opportunity.29,2016-06-14 16:08:21,2016-11-19 16:08:21,Closed Lost,217200,,45835.43,57
W_Opportunity.5,2015-01-18 16:28:24,2015-05-25 16:28:24,Proposal/Quote,91500,,74552.84,84
W_Opportunity.34,2015-08-11 10:50:43,2016-01-19 10:50:43,Closed Won,155700,,96561.06,47
W_Opportunity.50,2015-09-05 23:16:23,2016-03-30 23:16:23,Negotiation,186700,,98982.94,25
W_Opportunity.34,2016-06-17 02:45:34,2016-10-20 02:45:34,Needs Analysis,68000,,71956.19,82
W_Opportunity.33,2016-10-07 22:41:56,2017-02-21 22:41:56,Closed Lost,88600,,37303.1,36
W_Opportunity.62,2015-12-08 05:04:54,2016-02-15 05:04:54,Negotiation,133400,,90516.12,67
W_Opportunity.47,2016-05-10 05:27:10,2016-08-13 05:27:10,Needs Analysis,76600,,96184.71,91
W_Opportunity.61,2016-01-22 04:48:56,2016-05-14 04:48:56,Negotiation,120100,,97477.2,71
W_Opportunity.86,2015-11-06 23:48:04,2016-03-22 23:48:04,Qualification,143700,,41205.48,63
W_Opportunity.66,2015-08-28 05:21:11,2016-01-03 05:21:11,Needs Analysis,157000,,94498.12,85
W_Opportunity.57,2016-03-09 18:33:33,2016-07-08 18:33:33,Qualification,120500,,89668.32,74
W_Opportunity.83,2015-01-03 15:04:28,2015-04-19 15:04:28,Closed Won,135700,,75989.9,33
W_Opportunity.20,2016-11-10 00:11:35,2017-03-07 00:11:35,Negotiation,168500,,30451.29,69
W_Opportunity.50,2016-04-17 13:22:32,2016-10-11 13:22:32,Needs Analysis,92400,,72995.23,25
W_Opportunity.46,2016-04-21 16:29:44,2016-10-03 16:29:44,Proposal/Quote,139600,,53339.52,5
W_Opportunity.75,2015-08-12 06:02:33,2015-12-04 06:02:33,Negotiation,76000,,78283.41,7
W_Opportunity.24,2015-09-26 23:36:07,2015-12-16 23:36:07,Needs Analysis,163400,,71591.92,2
W_Opportunity.29,2015-12-25 15:36:15,2016-06-28 15:36:15,Needs Analysis,103000,,79531.21,10
W_Opportunity.51,2015-01-13 10:20:30,2015-03-26 10:20:30,Closed Won,217800,,95232.96,68
W_Opportunity.66,2015-03-18 18:04:46,2015-07-15 18:04:46,Negotiation,128300,,72061.04,78
W_Opportunity.63,2016-04-27 01:15:36,2016-09-18 01:15:36,Qualification,114600,,49269.27,75
W_Opportunity.88,2016-11-28 10:38:10,2017-04-01 10:38:10,Negotiation,218600,,79633.97,98
W_Opportunity.61,2015-05-30 15:07:17,2015-11-17 15:07:17,Qualification,112300,,7215.74,15
W_Opportunity.95,2015-08-22 18:33:42,2015-10-21 18:33:42,Proposal/Quote,127800,,96229.53,57
W_Opportunity.97,2015-07-31 17:38:06,2016-01-19 17:38:06,Negotiation,171400,,21387.07,20
W_Opportunity.29,2015-03-19 11:10:17,2015-05-20 11:10:17,Needs Analysis,119800,,42050.14,14
W_Opportunity.87,2016-08-18 14:31:32,2017-03-03 14:31:32,Closed Lost,147100,,56380.57,60
W_Opportunity.73,2015-08-29 08:10:28,2015-10-30 08:10:28,Proposal/Quote,156100,,50222.73,38
W_Opportunity.57,2015-06-20 03:20:33,2015-11-21 03:20:33,Negotiation,178700,,74273.84,37
W_Opportunity.93,2015-04-06 12:35:12,2015-07-08 12:35:12,Closed Lost,153200,,57981.13,5
W_Opportunity.56,2015-12-29 17:41:54,2016-07-14 17:41:54,Negotiation,149400,,43262.86,2
W_Opportunity.8,2015-07-28 06:14:30,2015-09-29 06:14:30,Proposal/Quote,197600,,58871.13,54
W_Opportunity.8,2016-03-01 09:33:42,2016-08-23 09:33:42,Negotiation,197700,,99165.27,3
W_Opportunity.38,2016-08-04 04:49:44,2017-01-27 04:49:44,Closed Won,150800,,31686.0,32
W_Opportunity.2,2015-10-06 08:54:14,2016-01-24 08:54:14,Qualification,198100,,23814.73,25
W_Opportunity.42,2015-09-15 11:53:40,2016-04-04 11:53:40,Negotiation,143400,,51114.66,36
W_Opportunity.50,2016-06-30 20:02:46,2016-09-15 20:02:46,Needs Analysis,87500,,34491.22,99
W_Opportunity.36,2016-10-06 12:16:12,2016-12-06 12:16:12,Negotiation,124200,,27317.65,42
W_Opportunity.31,2016-09-13 09:21:33,2017-01-11 09:21:33,Closed Won,90400,,87559.03,42
W_Opportunity.46,2016-10-22 18:28:09,2017-04-23 18:28:09,Closed Won,174700,,95815.21,69
W_Opportunity.63,2015-11-14 15:25:33,2016-03-15 15:25:33,Qualification,126200,,37540.44,77
W_Opportunity.66,2015-03-24 10:57:01,2015-07-01 10:57:01,Negotiation,163900,,57044.09,18
W_Opportunity.70,2016-02-19 15:27:38,2016-06-04 15:27:38,Proposal/Quote,153500,,41826.52,92
W_Opportunity.75,2016-11-06 19:41:07,2017-02-09 19:41:07,Closed Won,198900,,37260.45,13
W_Opportunity.54,2015-02-23 17:34:49,2015-06-12 17:34:49,Needs Analysis,65600,,39514.09,62
W_Opportunity.94,2015-03-04 00:50:48,2015-09-01 00:50:48,Qualification,121600,,51554.2,3
W_Opportunity.60,2016-01-11 06:09:42,2016-06-29 06:09:42,Closed Lost,135000,,8303.43,3
W_Opportunity.12,2016-08-24 03:53:00,2017-02-14 03:53:00,Needs Analysis,187300,,32304.93,37
W_Opportunity.62,2016-01-10 03:44:13,2016-08-07 03:44:13,Closed Lost,108300,,78354.12,56
W_Opportunity.99,2015-11-21 04:26:00,2016-05-13 04:26:00,Qualification,170800,,8965.05,57
W_Opportunity.6,2015-04-08 02:01:32,2015-06-15 02:01:32,Qualification,107300,,9985.86,57
W_Opportunity.88,2016-04-29 02:21:54,2016-09-01 02:21:54,Qualification,111700,,83551.71,40
W_Opportunity.76,2016-11-04 14:36:44,2017-01-20 14:36:44,Proposal/Quote,167600,,59098.0,15
W_Opportunity.3,2015-08-09 09:30:11,2016-01-24 09:30:11,Proposal/Quote,160700,,88971.6,65
W_Opportunity.68,2016-04-24 23:49:49,2016-08-14 23:49:49,Negotiation,141900,,48489.16,27
W_Opportunity.68,2016-09-15 16:26:37,2017-04-08 16:26:37,Qualification,134100,,77363.81,5
W_Opportunity.23,2016-11-13 02:42:26,2017-03-29 02:42:26,Needs Analysis,156200,,90616.04,56
W_Opportunity.2,2016-10-11 02:14:37,2017-03-01 02:14:37,Proposal/Quote,142400,,75838.82,84
W_Opportunity.69,2015-12-16 08:14:40,2016-04-16 08:14:40,Negotiation,210100,,65353.63,14
W_Opportunity.69,2015-08-21 04:56:25,2015-11-26 04:56:25,Proposal/Quote,109700,,87722.86,26
W_Opportunity.59,2016-04-16 09:35:45,2016-09-28 09:35:45,Needs Analysis,119400,,76683.27,31
W_Opportunity.46,2016-11-09 14:33:17,2017-04-15 14:33:17,Closed Won,160500,,27245.98,98
W_Opportunity.57,2015-12-09 01:34:28,2016-06-02 01:34:28,Qualification,201500,,32473.15,13
W_Opportunity.23,2016-01-06 21:23:54,2016-05-17 21:23:54,Proposal/Quote,250000,,21772.36,52
W_Opportunity.9,2016-10-29 05:26:18,2017-01-30 05:26:18,Negotiation,131900,,16418.68,6
W_Opportunity.35,2016-07-12 00:34:15,2016-11-03 00:34:15,Needs Analysis,117600,,99942.85,70
W_Opportunity.36,2015-10-15 05:32:16,2016-04-08 05:32:16,Negotiation,62500,,73364.77,16
W_Opportunity.3,2015-08-29 08:47:03,2015-11-03 08:47:03,Qualification,108400,,76957.79,100
W_Opportunity.62,2016-04-12 07:03:48,2016-06-28 07:03:48,Qualification,68500,,58807.72,17
W_Opportunity.29,2015-08-28 03:00:30,2015-11-13 03:00:30,Proposal/Quote,170700,,38892.41,2
W_Opportunity.22,2016-06-20 07:04:15,2016-09-28 07:04:15,Negotiation,164100,,9309.81,91
W_Opportunity.39,2016-01-22 00:39:12,2016-05-26 00:39:12,Qualification,106800,,33580.52,21
W_Opportunity.23,2015-01-20 12:10:09,2015-07-25 12:10:09,Negotiation,135800,,82081.78,70
W_Opportunity.11,2015-04-18 01:45:18,2015-08-24 01:45:18,Needs Analysis,170600,,81281.52,30
W_Opportunity.72,2016-09-17 21:37:39,2017-02-03 21:37:39,Closed Lost,101100,,74778.35,88
W_Opportunity.87,2015-10-28 15:54:36,2016-03-24 15:54:36,Proposal/Quote,158800,,71946.92,49
W_Opportunity.63,2015-10-03 09:14:49,2016-03-23 09:14:49,Negotiation,124500,,99732.12,5
W_Opportunity.35,2016-01-29 07:00:27,2016-06-22 07:00:27,Qualification,187500,,28770.91,51
W_Opportunity.57,2016-04-12 03:24:21,2016-06-23 03:24:21,Negotiation,181300,,82727.72,44
W_Opportunity.22,2016-01-20 23:58:15,2016-05-31 23:58:15,Proposal/Quote,135600,,89835.38,53
W_Opportunity.39,2015-05-17 06:05:30,2015-09-27 06:05:30,Proposal/Quote,132100,,66571.05,52
W_Opportunity.41,2015-03-10 11:34:21,2015-07-23 11:34:21,Proposal/Quote,130600,,47602.5,18
W_Opportunity.41,2015-07-10 07:14:14,2016-01-12 07:14:14,Qualification,132900,,22039.03,60
W_Opportunity.40,2015-05-15 02:01:14,2015-11-14 02:01:14,Negotiation,205800,,38003.75,1
W_Opportunity.12,2015-02-03 22:21:58,2015-05-23 22:21:58,Closed Won,69300,,6821.86,57
W_Opportunity.45,2016-05-18 23:19:33,2016-12-07 23:19:33,Negotiation,173200,,33320.01,95
W_Opportunity.34,2016-11-02 19:25:09,2017-05-17 19:25:09,Negotiation,122900,,44127.32,66
W_Opportunity.96,2015-01-03 13:51:38,2015-07-31 13:51:38,Negotiation,171300,,75179.37,53
W_Opportunity.95,2015-10-08 20:04:13,2016-01-14 20:04:13,Closed Lost,170600,,57018.94,11
W_Opportunity.92,2015-03-03 02:32:00,2015-05-17 02:32:00,Proposal/Quote,128500,,73222.92,66
W_Opportunity.38,2015-03-29 19:30:27,2015-06-11 19:30:27,Needs Analysis,136600,,22507.34,75
W_Opportunity.73,2016-04-02 12:17:13,2016-08-24 12:17:13,Negotiation,174600,,29549.82,97
W_Opportunity.12,2016-12-12 19:57:14,2017-05-04 19:57:14,Proposal/Quote,121500,,7676.57,72
W_Opportunity.76,2015-11-19 07:28:47,2016-05-08 07:28:47,Needs Analysis,166300,,62759.12,42
W_Opportunity.77,2016-01-04 03:31:07,2016-03-24 03:31:07,Closed Won,173800,,34596.24,54
W_Opportunity.92,2015-12-25 06:14:22,2016-05-29 06:14:22,Negotiation,105400,,54918.79,15
W_Opportunity.79,2015-02-22 01:39:31,2015-04-30 01:39:31,Negotiation,113900,,60792.9,2
W_Opportunity.65,2016-04-07 08:01:23,2016-08-27 08:01:23,Closed Lost,128600,,82513.11,8
W_Opportunity.73,2016-06-20 20:47:00,2016-12-09 20:47:00,Qualification,74400,,92602.83,78
W_Opportunity.97,2015-08-25 06:18:37,2016-03-21 06:18:37,Closed Won,144200,,63402.48,71
W_Opportunity.65,2016-09-08 21:50:21,2017-01-10 21:50:21,Closed Won,170500,,41959.15,100
W_Opportunity.44,2016-10-08 12:31:39,2016-12-27 12:31:39,Needs Analysis,136100,,78327.76,88
W_Opportunity.34,2015-04-27 15:29:57,2015-08-24 15:29:57,Negotiation,146400,,18854.91,88
W_Opportunity.85,2016-12-23 11:00:43,2017-04-12 11:00:43,Negotiation,90100,,92376.77,61
W_Opportunity.70,2016-04-01 15:08:11,2016-09-01 15:08:11,Closed Won,165800,,67161.13,67
W_Opportunity.70,2016-02-06 09:39:00,2016-07-24 09:39:00,Proposal/Quote,117500,,48084.2,79
W_Opportunity.1,2016-03-27 03:49:02,2016-07-18 03:49:02,Proposal/Quote,153700,,56154.19,27
W_Opportunity.71,2015-12-21 05:06:32,2016-03-30 05:06:32,Proposal/Quote,159000,,26975.52,71
W_Opportunity.57,2015-12-08 05:19:28,2016-03-02 05:19:28,Needs Analysis,77900,,29359.8,54
W_Opportunity.21,2016-08-31 18:45:53,2017-01-10 18:45:53,Closed Won,91800,,94414.73,64
W_Opportunity.39,2016-11-30 03:35:29,2017-02-12 03:35:29,Negotiation,97500,,99799.37,28
W_Opportunity.82,2015-03-26 23:38:26,2015-09-07 23:38:26,Negotiation,122200,,15408.96,13
W_Opportunity.7,2015-09-22 14:05:49,2016-01-19 14:05:49,Closed Lost,199700,,66920.68,33
W_Opportunity.72,2016-01-08 11:16:21,2016-04-18 11:16:21,Closed Won,159800,,21615.19,3
W_Opportunity.30,2016-09-16 03:27:16,2017-01-09 03:27:16,Closed Lost,133100,,11409.49,6
W_Opportunity.44,2016-07-07 23:44:42,2016-12-17 23:44:42,Negotiation,186900,,8954.18,9
W_Opportunity.59,2016-03-15 02:25:58,2016-05-22 02:25:58,Qualification,109100,,25959.9,10
W_Opportunity.53,2015-01-09 14:48:11,2015-04-16 14:48:11,Closed Won,169600,,8603.29,84
W_Opportunity.34,2016-02-02 23:46:16,2016-04-23 23:46:16,Qualification,166700,,24383.36,51
W_Opportunity.65,2016-01-14 10:25:38,2016-08-05 10:25:38,Needs Analysis,137000,,75014.01,93
W_Opportunity.30,2015-09-16 17:37:39,2016-03-27 17:37:39,Closed Lost,177200,,68754.39,24
W_Opportunity.48,2016-06-28 12:25:50,2016-11-01 12:25:50,Closed Won,160400,,25782.22,47
W_Opportunity.95,2015-09-20 10:46:19,2016-02-06 10:46:19,Negotiation,176100,,6567.77,90
W_Opportunity.57,2015-10-15 15:39:35,2016-01-01 15:39:35,Closed Won,142300,,83891.06,47
W_Opportunity.74,2016-08-18 17:50:52,2017-01-05 17:50:52,Needs Analysis,102000,,59833.55,95
W_Opportunity.4,2016-12-18 23:39:33,2017-06-08 23:39:33,Closed Lost,109800,,39666.56,97
W_Opportunity.22,2016-02-26 10:39:31,2016-06-12 10:39:31,Qualification,81100,,5601.04,19
W_Opportunity.55,2016-12-03 05:58:50,2017-04-10 05:58:50,Closed Lost,116300,,12273.85,86
W_Opportunity.78,2015-09-11 01:46:34,2015-12-31 01:46:34,Proposal/Quote,180900,,9291.61,18
W_Opportunity.57,2016-04-06 11:22:18,2016-08-01 11:22:18,Proposal/Quote,137900,,82039.12,32
W_Opportunity.78,2016-04-16 06:18:48,2016-11-05 06:18:48,Qualification,118200,,44054.64,82
W_Opportunity.84,2016-05-13 18:28:00,2016-10-18 18:28:00,Negotiation,97100,,31696.17,71
W_Opportunity.16,2015-06-28 09:12:47,2015-09-06 09:12:47,Closed Lost,145700,,31201.85,84
W_Opportunity.74,2016-01-25 23:21:27,2016-05-04 23:21:27,Needs Analysis,127300,,77823.64,93
W_Opportunity.9,2016-06-22 02:13:55,2016-10-18 02:13:55,Qualification,115800,,38147.41,8
W_Opportunity.28,2016-02-27 02:07:30,2016-08-02 02:07:30,Negotiation,129200,,89841.97,2
W_Opportunity.37,2015-12-09 17:29:57,2016-05-08 17:29:57,Closed Won,194400,,18594.54,34
W_Opportunity.39,2016-06-29 16:49:46,2016-11-29 16:49:46,Closed Lost,231900,,68435.81,55
W_Opportunity.97,2015-06-19 14:57:14,2015-11-27 14:57:14,Qualification,145600,,7099.4,38
W_Opportunity.32,2015-04-22 07:43:24,2015-08-28 07:43:24,Negotiation,177700,,90633.88,63
W_Opportunity.34,2015-06-27 14:29:48,2015-11-27 14:29:48,Needs Analysis,193800,,35775.54,43
W_Opportunity.77,2015-04-27 22:45:44,2015-07-03 22:45:44,Needs Analysis,128800,,40179.89,55
W_Opportunity.38,2015-12-04 03:13:22,2016-05-08 03:13:22,Closed Won,107400,,51967.06,53
W_Opportunity.39,2016-08-05 16:27:32,2016-11-19 16:27:32,Closed Lost,113500,,37272.93,56
W_Opportunity.1,2015-03-01 16:01:36,2015-09-08 16:01:36,Needs Analysis,116300,,99760.98,16
W_Opportunity.33,2015-07-09 07:30:27,2016-01-24 07:30:27,Proposal/Quote,131000,,41146.96,53
W_Opportunity.28,2016-08-05 01:30:12,2017-02-24 01:30:12,Needs Analysis,32400,,16274.94,98
W_Opportunity.92,2016-12-18 03:23:04,2017-03-11 03:23:04,Closed Won,135800,,34125.43,81
W_Opportunity.61,2016-06-01 10:41:25,2016-11-01 10:41:25,Closed Lost,113500,,89797.11,10
W_Opportunity.86,2016-02-24 03:21:50,2016-05-05 03:21:50,Qualification,145900,,75557.85,82
W_Opportunity.45,2015-11-20 08:16:36,2016-03-26 08:16:36,Closed Lost,137200,,47201.07,22
W_Opportunity.17,2015-06-15 09:35:24,2015-10-27 09:35:24,Proposal/Quote,150000,,5503.69,66
W_Opportunity.45,2016-07-31 19:35:56,2016-11-19 19:35:56,Proposal/Quote,142500,,78725.62,87
W_Opportunity.40,2016-08-06 20:07:39,2016-10-12 20:07:39,Negotiation,106900,,61432.32,3
W_Opportunity.24,2015-02-17 23:26:00,2015-04-20 23:26:00,Closed Won,145400,,86133.95,31
W_Opportunity.78,2016-10-28 19:52:44,2017-01-21 19:52:44,Closed Won,107300,,18144.08,91
W_Opportunity.68,2016-05-09 16:57:01,2016-10-02 16:57:01,Proposal/Quote,67600,,59688.42,75
W_Opportunity.30,2015-09-24 11:40:51,2015-12-14 11:40:51,Qualification,126400,,46676.69,23
W_Opportunity.18,2015-06-18 09:40:50,2015-10-16 09:40:50,Qualification,119700,,29747.41,93
W_Opportunity.44,2016-12-22 09:14:35,2017-04-27 09:14:35,Closed Lost,169400,,99275.15,29
W_Opportunity.31,2016-05-21 18:32:21,2016-09-14 18:32:21,Closed Won,174900,,45628.26,49
W_Opportunity.86,2016-04-20 21:00:26,2016-10-14 21:00:26,Closed Lost,108300,,30994.85,20
W_Opportunity.89,2015-08-30 14:22:49,2016-02-27 14:22:49,Closed Won,199100,,61020.46,99
W_Opportunity.8,2016-01-27 12:57:47,2016-05-20 12:57:47,Qualification,158000,,58379.51,96
W_Opportunity.34,2015-02-09 21:05:49,2015-05-20 21:05:49,Qualification,113500,,61397.64,35
W_Opportunity.18,2015-03-20 16:04:37,2015-09-25 16:04:37,Closed Lost,217400,,6937.7,57
W_Opportunity.60,2016-12-07 22:10:20,2017-06-17 22:10:20,Qualification,175300,,14709.44,54
W_Opportunity.83,2015-07-22 03:44:43,2016-02-11 03:44:43,Closed Lost,149600,,56031.8,8
W_Opportunity.37,2016-07-08 19:43:36,2016-09-17 19:43:36,Needs Analysis,97100,,29547.68,31
W_Opportunity.91,2015-05-04 07:40:55,2015-07-16 07:40:55,Closed Won,212600,,92768.54,66
W_Opportunity.97,2016-09-23 20:57:58,2017-01-15 20:57:58,Closed Won,131500,,24223.63,65
W_Opportunity.49,2015-07-05 00:58:59,2015-09-24 00:58:59,Proposal/Quote,37000,,43618.31,4
W_Opportunity.89,2016-06-06 13:06:03,2016-11-19 13:06:03,Negotiation,146800,,27199.66,44
W_Opportunity.12,2016-05-08 17:20:52,2016-11-11 17:20:52,Negotiation,146900,,19499.78,70
W_Opportunity.31,2016-11-21 13:21:13,2017-05-16 13:21:13,Proposal/Quote,159600,,6976.56,38
W_Opportunity.39,2015-02-24 00:04:24,2015-05-10 00:04:24,Needs Analysis,171100,,13347.51,28
W_Opportunity.21,2015-03-03 04:51:26,2015-07-12 04:51:26,Negotiation,115100,,40169.66,2
W_Opportunity.28,2015-09-16 14:51:59,2016-01-04 14:51:59,Needs Analysis,138700,,86302.58,7
W_Opportunity.78,2015-05-24 07:23:15,2015-12-20 07:23:15,Negotiation,111400,,48036.65,48
W_Opportunity.33,2015-08-16 16:02:53,2015-10-29 16:02:53,Qualification,117400,,84064.2,63
W_Opportunity.60,2016-06-07 22:18:11,2016-11-19 22:18:11,Negotiation,139000,,36373.76,11
W_Opportunity.72,2016-03-19 04:18:37,2016-09-15 04:18:37,Qualification,110200,,33690.51,100
W_Opportunity.81,2015-02-14 22:12:01,2015-05-14 22:12:01,Needs Analysis,130600,,35671.97,79
W_Opportunity.53,2016-08-28 22:18:37,2016-11-25 22:18:37,Closed Lost,66600,,30254.27,24
W_Opportunity.86,2016-09-22 11:37:14,2016-12-18 11:37:14,Closed Won,219700,,42900.57,51
W_Opportunity.8,2015-10-31 21:25:15,2016-04-26 21:25:15,Closed Lost,172400,,19378.27,4
W_Opportunity.22,2015-09-29 14:14:53,2015-12-26 14:14:53,Negotiation,129900,,5399.18,18
W_Opportunity.85,2015-08-26 22:48:48,2016-02-13 22:48:48,Proposal/Quote,77100,,63380.21,70
W_Opportunity.82,2016-06-23 17:07:48,2017-01-11 17:07:48,Closed Won,145900,,92768.01,31
W_Opportunity.7,2016-12-06 08:23:44,2017-02-23 08:23:44,Qualification,206900,,84248.91,83
W_Opportunity.89,2015-09-26 11:02:35,2015-12-27 11:02:35,Closed Lost,114500,,5814.01,15
W_Opportunity.23,2015-08-21 02:36:25,2015-11-02 02:36:25,Needs Analysis,184000,,42736.33,53
W_Opportunity.65,2015-07-31 16:21:58,2016-02-20 16:21:58,Proposal/Quote,138300,,72311.74,42
W_Opportunity.77,2015-01-09 04:20:29,2015-07-14 04:20:29,Negotiation,173700,,73305.29,73
W_Opportunity.60,2016-01-24 21:24:05,2016-05-21 21:24:05,Needs Analysis,193500,,49075.13,25
W_Opportunity.66,2016-09-10 11:26:44,2017-03-18 11:26:44,Negotiation,114000,,93165.44,62
W_Opportunity.97,2016-06-05 19:01:44,2016-10-22 19:01:44,Negotiation,161600,,83868.72,91
W_Opportunity.4,2015-01-14 16:00:40,2015-06-27 16:00:40,Closed Won,151700,,84249.08,93
W_Opportunity.69,2015-05-04 14:59:06,2015-10-06 14:59:06,Qualification,164000,,45090.66,62
W_Opportunity.99,2016-01-07 21:50:59,2016-03-22 21:50:59,Closed Won,149600,,16848.12,62
W_Opportunity.21,2015-06-27 02:49:19,2015-10-26 02:49:19,Qualification,76800,,54279.93,78
W_Opportunity.70,2016-02-27 17:23:23,2016-06-28 17:23:23,Closed Won,188400,,46243.27,31
W_Opportunity.97,2016-02-20 15:01:07,2016-08-13 15:01:07,Proposal/Quote,137900,,27133.51,10
W_Opportunity.44,2016-07-23 18:25:10,2016-10-21 18:25:10,Needs Analysis,141300,,88241.88,44
W_Opportunity.46,2015-09-26 02:39:17,2016-02-02 02:39:17,Negotiation,135500,,96845.53,17
W_Opportunity.64,2015-04-02 11:25:28,2015-10-28 11:25:28,Proposal/Quote,95400,,28927.39,84
W_Opportunity.25,2016-01-20 17:36:20,2016-04-13 17:36:20,Proposal/Quote,160900,,46377.47,3
W_Opportunity.26,2016-05-08 01:29:57,2016-08-22 01:29:57,Closed Won,176700,,69232.46,56
W_Opportunity.31,2015-08-17 18:44:58,2015-12-23 18:44:58,Negotiation,123400,,36235.61,62
W_Opportunity.23,2015-03-19 22:03:46,2015-09-16 22:03:46,Needs Analysis,129300,,78538.8,77
W_Opportunity.39,2015-08-26 17:39:33,2015-12-04 17:39:33,Qualification,169500,,50572.43,100
W_Opportunity.12,2016-09-14 17:19:02,2017-03-02 17:19:02,Closed Won,132800,,10824.14,29
W_Opportunity.27,2016-07-23 14:13:34,2016-12-29 14:13:34,Closed Won,84100,,83332.0,98
W_Opportunity.18,2016-04-12 21:27:16,2016-08-07 21:27:16,Closed Won,156800,,47039.91,27
W_Opportunity.5,2015-10-12 01:33:41,2016-01-28 01:33:41,Negotiation,114300,,35664.87,66
W_Opportunity.12,2015-08-30 04:38:30,2015-12-07 04:38:30,Closed Lost,171100,,52340.62,50
W_Opportunity.61,2015-06-09 10:05:58,2015-12-21 10:05:58,Needs Analysis,180400,,10296.42,99
W_Opportunity.26,2016-08-28 18:38:28,2017-03-26 18:38:28,Closed Won,148300,,39233.38,89
W_Opportunity.87,2015-10-31 04:00:31,2016-04-23 04:00:31,Closed Won,123800,,67659.9,92
W_Opportunity.15,2016-01-26 01:50:09,2016-04-09 01:50:09,Closed Lost,123400,,60499.4,85
W_Opportunity.98,2015-06-02 08:08:43,2015-09-17 08:08:43,Closed Lost,156100,,62411.39,22
W_Opportunity.78,2015-03-20 05:35:49,2015-09-03 05:35:49,Needs Analysis,176400,,39233.21,81
W_Opportunity.45,2015-12-09 01:01:52,2016-05-30 01:01:52,Closed Lost,138300,,15621.81,14
W_Opportunity.32,2015-10-28 12:52:48,2016-03-18 12:52:48,Qualification,155100,,73848.29,50
W_Opportunity.59,2015-09-26 15:44:22,2015-12-07 15:44:22,Proposal/Quote,121200,,8148.95,69
W_Opportunity.6,2015-01-13 08:16:40,2015-06-11 08:16:40,Negotiation,179800,,86088.5,15
W_Opportunity.1,2015-06-11 14:07:35,2016-01-05 14:07:35,Negotiation,105500,,24778.19,48
W_Opportunity.31,2015-11-18 17:39:05,2016-01-22 17:39:05,Qualification,132000,,49613.24,52
W_Opportunity.65,2016-11-30 20:19:10,2017-06-07 20:19:10,Proposal/Quote,135800,,67011.87,70
W_Opportunity.97,2015-08-18 12:21:47,2015-12-23 12:21:47,Closed Won,137500,,87707.04,74
W_Opportunity.1,2015-01-30 00:55:48,2015-08-01 00:55:48,Needs Analysis,126500,,50477.36,24
W_Opportunity.41,2015-11-20 08:30:06,2016-02-08 08:30:06,Closed Won,161000,,6871.29,30
W_Opportunity.24,2016-11-18 00:56:15,2017-03-24 00:56:15,Closed Won,136100,,84127.25,6
W_Opportunity.39,2016-12-17 02:02:34,2017-07-07 02:02:34,Closed Won,85000,,93461.58,79
W_Opportunity.96,2016-11-21 04:20:01,2017-05-16 04:20:01,Closed Won,137900,,39016.96,57
W_Opportunity.5,2016-03-10 00:37:41,2016-07-24 00:37:41,Needs Analysis,163400,,56014.29,12
W_Opportunity.42,2015-03-28 00:59:29,2015-07-18 00:59:29,Proposal/Quote,154500,,5940.81,27
W_Opportunity.25,2015-07-28 13:13:10,2015-10-27 13:13:10,Negotiation,163200,,83037.42,95
W_Opportunity.8,2015-02-20 04:18:20,2015-08-09 04:18:20,Needs Analysis,234500,,78324.66,76
W_Opportunity.74,2016-03-12 18:18:02,2016-05-30 18:18:02,Needs Analysis,108600,,62236.37,67
W_Opportunity.38,2016-09-18 09:52:31,2017-02-16 09:52:31,Qualification,178500,,11978.79,69
W_Opportunity.57,2015-11-07 00:14:36,2016-05-05 00:14:36,Closed Lost,138300,,19232.16,45
W_Opportunity.66,2015-11-28 10:19:56,2016-02-17 10:19:56,Closed Lost,152000,,67482.69,45
W_Opportunity.69,2015-09-18 07:05:20,2016-02-21 07:05:20,Closed Won,141300,,12445.81,58
W_Opportunity.76,2016-11-26 19:28:48,2017-04-20 19:28:48,Proposal/Quote,222800,,75660.82,97
W_Opportunity.47,2015-12-13 06:46:05,2016-06-18 06:46:05,Negotiation,180200,,95774.55,24
W_Opportunity.9,2016-11-30 19:41:08,2017-05-21 19:41:08,Needs Analysis,150500,,63277.52,46
W_Opportunity.20,2015-05-24 22:38:36,2015-09-07 22:38:36,Closed Lost,141200,,46277.36,23
W_Opportunity.52,2016-04-03 10:22:44,2016-09-03 10:22:44,Needs Analysis,146000,,45913.7,51
W_Opportunity.65,2016-11-13 17:35:58,2017-04-09 17:35:58,Qualification,152800,,99764.23,71
W_Opportunity.21,2016-06-12 02:33:03,2016-11-28 02:33:03,Qualification,91000,,62993.32,62
W_Opportunity.85,2016-03-04 12:37:13,2016-07-22 12:37:13,Proposal/Quote,119400,,65921.45,1
W_Opportunity.63,2015-07-25 20:16:56,2015-12-12 20:16:56,Closed Lost,129700,,36387.17,68
W_Opportunity.41,2015-06-28 11:19:08,2015-12-08 11:19:08,Needs Analysis,134000,,50603.82,65
W_Opportunity.18,2015-01-28 03:18:48,2015-04-30 03:18:48,Proposal/Quote,161000,,24121.03,27
W_Opportunity.21,2015-02-16 19:11:00,2015-05-07 19:11:00,Qualification,114200,,89999.7,71
W_Opportunity.82,2016-11-02 01:56:12,2017-03-05 01:56:12,Closed Won,94600,,84565.94,97
W_Opportunity.21,2015-08-07 21:17:21,2016-01-17 21:17:21,Needs Analysis,122300,,73103.0,32
W_Opportunity.79,2016-09-17 13:38:40,2017-02-17 13:38:40,Closed Won,153800,,95494.17,96
W_Opportunity.64,2016-11-22 15:11:16,2017-04-23 15:11:16,Closed Won,107100,,90343.0,38
W_Opportunity.95,2016-10-02 19:20:46,2017-01-16 19:20:46,Needs Analysis,174200,,80258.84,94
W_Opportunity.44,2015-01-09 03:04:07,2015-05-31 03:04:07,Qualification,95900,,13744.45,82
W_Opportunity.45,2015-04-18 12:05:21,2015-09-24 12:05:21,Closed Won,191700,,57367.61,19
W_Opportunity.39,2015-01-12 20:47:54,2015-04-08 20:47:54,Needs Analysis,122600,,91362.19,91
W_Opportunity.93,2015-04-29 05:42:43,2015-11-03 05:42:43,Proposal/Quote,89500,,19029.77,24
W_Opportunity.26,2016-02-27 03:09:53,2016-05-29 03:09:53,Negotiation,103800,,43281.53,72
W_Opportunity.95,2015-10-09 01:21:20,2016-03-05 01:21:20,Closed Won,119600,,96155.27,48
W_Opportunity.74,2015-01-31 22:17:41,2015-05-11 22:17:41,Negotiation,111100,,59667.81,21
W_Opportunity.59,2016-12-09 13:23:07,2017-04-28 13:23:07,Proposal/Quote,130600,,60969.53,15
W_Opportunity.11,2015-09-19 08:42:20,2016-03-27 08:42:20,Negotiation,134700,,5367.84,79
W_Opportunity.2,2015-01-10 10:30:26,2015-04-18 10:30:26,Closed Lost,137500,,31372.05,38
W_Opportunity.78,2015-11-18 05:42:43,2016-05-17 05:42:43,Negotiation,172100,,76569.29,4
W_Opportunity.43,2016-09-03 19:53:10,2016-12-21 19:53:10,Closed Lost,185700,,12995.4,30
W_Opportunity.24,2015-06-13 00:51:04,2015-12-28 00:51:04,Needs Analysis,179800,,98394.7,7
W_Opportunity.15,2015-12-11 15:42:03,2016-07-06 15:42:03,Closed Lost,167100,,94468.31,65
W_Opportunity.37,2015-08-24 15:16:42,2015-11-20 15:16:42,Needs Analysis,166300,,81100.05,36
W_Opportunity.94,2016-04-24 23:58:31,2016-09-17 23:58:31,Closed Lost,82600,,64475.39,36
W_Opportunity.96,2016-10-28 11:38:54,2017-03-28 11:38:54,Closed Lost,184400,,76563.61,78
W_Opportunity.24,2016-02-03 07:46:42,2016-08-12 07:46:42,Closed Lost,113900,,58285.13,46
W_Opportunity.22,2015-03-12 20:46:31,2015-09-27 20:46:31,Closed Lost,173600,,8788.01,20
W_Opportunity.41,2016-01-28 04:42:04,2016-08-01 04:42:04,Closed Lost,164000,,41353.85,22
W_Opportunity.93,2015-10-08 10:54:40,2015-12-31 10:54:40,Proposal/Quote,128000,,32182.98,93
W_Opportunity.72,2016-10-11 19:04:44,2017-01-05 19:04:44,Qualification,84100,,62435.44,24
W_Opportunity.74,2015-04-07 06:40:17,2015-09-11 06:40:17,Qualification,128900,,47158.54,46
W_Opportunity.63,2016-11-03 13:18:28,2017-04-11 13:18:28,Negotiation,100200,,61952.53,81
W_Opportunity.91,2016-12-23 19:34:08,2017-04-18 19:34:08,Needs Analysis,64300,,19842.13,88
W_Opportunity.54,2016-12-04 22:21:18,2017-03-06 22:21:18,Proposal/Quote,161100,,60663.8,94
W_Opportunity.35,2015-07-15 11:03:51,2016-01-22 11:03:51,Closed Lost,170000,,20576.18,72
W_Opportunity.57,2015-08-18 09:23:12,2016-01-27 09:23:12,Qualification,193900,,24265.51,84
W_Opportunity.9,2016-03-04 05:50:30,2016-05-24 05:50:30,Qualification,103200,,32940.77,11
W_Opportunity.37,2016-04-02 13:21:34,2016-09-30 13:21:34,Proposal/Quote,138900,,53022.95,43
W_Opportunity.50,2016-07-27 16:53:40,2016-09-30 16:53:40,Closed Won,223600,,94591.09,20
W_Opportunity.71,2016-07-17 08:29:44,2017-02-02 08:29:44,Closed Won,51400,,98700.02,6
W_Opportunity.16,2015-10-11 22:33:00,2016-03-11 22:33:00,Closed Lost,158400,,11313.38,95
W_Opportunity.54,2015-05-30 18:23:42,2015-11-02 18:23:42,Needs Analysis,173500,,80664.24,24
W_Opportunity.100,2015-02-03 17:19:17,2015-05-29 17:19:17,Negotiation,126700,,27166.63,12
W_Opportunity.98,2015-03-04 13:26:21,2015-08-28 13:26:21,Proposal/Quote,139100,,38892.28,50
W_Opportunity.85,2015-03-09 23:55:07,2015-05-12 23:55:07,Qualification,169900,,80034.75,40
W_Opportunity.54,2016-05-31 05:07:52,2016-10-05 05:07:52,Qualification,123700,,46335.55,11
W_Opportunity.19,2016-03-31 07:32:35,2016-06-20 07:32:35,Needs Analysis,117100,,15474.26,30
W_Opportunity.49,2016-10-08 15:04:39,2016-12-27 15:04:39,Negotiation,135800,,38296.18,32
W_Opportunity.75,2015-10-14 16:01:03,2016-02-14 16:01:03,Closed Lost,151600,,45409.88,13
W_Opportunity.61,2016-05-16 21:21:54,2016-11-17 21:21:54,Closed Lost,96500,,25103.13,46
W_Opportunity.70,2016-05-15 15:42:16,2016-08-29 15:42:16,Proposal/Quote,156900,,55397.85,19
W_Opportunity.39,2016-12-13 06:03:47,2017-03-30 06:03:47,Qualification,159800,,29411.75,65
W_Opportunity.4,2015-12-27 21:50:05,2016-05-13 21:50:05,Qualification,61600,,97421.8,69
W_Opportunity.43,2015-12-11 21:57:26,2016-04-16 21:57:26,Proposal/Quote,164000,,90073.82,12
W_Opportunity.56,2015-12-25 11:24:15,2016-04-09 11:24:15,Proposal/Quote,187000,,53108.9,4
W_Opportunity.92,2016-08-08 09:49:04,2016-11-19 09:49:04,Qualification,199600,,85044.78,26
W_Opportunity.12,2016-11-19 16:08:57,2017-01-19 16:08:57,Closed Won,129500,,75062.06,35
W_Opportunity.63,2016-03-27 04:09:04,2016-06-07 04:09:04,Closed Lost,157000,,83698.45,10
W_Opportunity.9,2015-06-01 18:27:18,2015-10-21 18:27:18,Qualification,169000,,11156.66,36
W_Opportunity.54,2015-11-16 12:13:07,2016-03-15 12:13:07,Closed Won,155300,,44422.17,32
W_Opportunity.51,2016-10-30 08:26:35,2017-03-22 08:26:35,Negotiation,155500,,64165.88,65
W_Opportunity.40,2015-10-04 13:16:26,2016-04-06 13:16:26,Closed Lost,210700,,25599.75,35
W_Opportunity.9,2015-04-21 06:24:11,2015-10-08 06:24:11,Qualification,134200,,49615.05,37
W_Opportunity.99,2015-05-08 06:33:02,2015-08-18 06:33:02,Closed Lost,176400,,78895.0,53
W_Opportunity.44,2016-04-25 03:57:32,2016-06-24 03:57:32,Closed Won,190700,,33674.44,78
W_Opportunity.12,2016-02-28 20:26:52,2016-09-10 20:26:52,Qualification,149500,,44202.71,66
W_Opportunity.11,2016-12-29 20:22:52,2017-03-01 20:22:52,Proposal/Quote,109600,,52188.86,36
W_Opportunity.2,2015-05-16 05:30:15,2015-11-14 05:30:15,Qualification,148500,,55395.61,35
W_Opportunity.10,2016-01-28 16:43:19,2016-08-22 16:43:19,Closed Lost,127100,,44454.39,2
W_Opportunity.81,2015-03-14 11:18:02,2015-09-10 11:18:02,Closed Won,93600,,74087.95,52
W_Opportunity.33,2015-04-23 01:52:03,2015-09-17 01:52:03,Proposal/Quote,165600,,94636.9,45
W_Opportunity.69,2015-09-24 08:15:47,2016-02-20 08:15:47,Proposal/Quote,78800,,84205.53,28
W_Opportunity.27,2016-08-09 09:22:46,2016-10-08 09:22:46,Needs Analysis,65800,,8980.34,81
W_Opportunity.31,2015-11-11 15:49:12,2016-01-19 15:49:12,Closed Won,112800,,69147.1,65
W_Opportunity.89,2015-10-23 13:49:25,2016-02-27 13:49:25,Closed Won,130000,,80849.96,60
W_Opportunity.65,2016-12-11 05:47:33,2017-03-14 05:47:33,Needs Analysis,94200,,64254.66,39
W_Opportunity.59,2015-01-11 09:48:40,2015-07-06 09:48:40,Proposal/Quote,174900,,16864.0,18
W_Opportunity.49,2015-12-02 09:09:49,2016-03-22 09:09:49,Proposal/Quote,166900,,34212.5,78
W_Opportunity.34,2015-11-05 02:51:26,2016-02-29 02:51:26,Needs Analysis,129600,,96220.6,20
W_Opportunity.91,2016-09-07 00:58:41,2017-01-15 00:58:41,Needs Analysis,143600,,93278.05,45
W_Opportunity.3,2015-12-08 15:50:58,2016-03-23 15:50:58,Needs Analysis,101500,,43536.33,65
W_Opportunity.97,2015-05-03 19:39:42,2015-09-28 19:39:42,Qualification,121800,,71926.65,11
W_Opportunity.36,2016-06-27 05:36:56,2016-10-07 05:36:56,Needs Analysis,154900,,31875.31,57
W_Opportunity.81,2016-07-02 05:46:40,2016-11-12 05:46:40,Negotiation,209200,,11664.25,85
W_Opportunity.23,2015-04-16 22:07:39,2015-10-24 22:07:39,Negotiation,142400,,29352.32,43
W_Opportunity.2,2015-06-16 05:02:18,2015-10-02 05:02:18,Closed Lost,72200,,29818.57,10
W_Opportunity.50,2016-11-17 14:59:52,2017-02-27 14:59:52,Qualification,98700,,89156.21,53
W_Opportunity.87,2015-12-18 06:29:45,2016-06-27 06:29:45,Closed Won,110500,,88449.56,9
W_Opportunity.33,2015-04-22 01:54:06,2015-07-27 01:54:06,Needs Analysis,180700,,90492.38,59
W_Opportunity.66,2016-09-11 16:48:48,2017-03-29 16:48:48,Qualification,144800,,80436.33,14
W_Opportunity.76,2015-03-10 09:34:15,2015-05-17 09:34:15,Needs Analysis,168200,,28958.53,61
W_Opportunity.44,2016-03-25 22:23:40,2016-06-18 22:23:40,Closed Lost,115600,,86449.47,31
W_Opportunity.30,2016-10-07 21:02:42,2017-01-20 21:02:42,Closed Won,170400,,14946.1,93
W_Opportunity.98,2015-11-07 03:05:44,2016-02-08 03:05:44,Qualification,111000,,15609.66,100
W_Opportunity.28,2016-12-10 19:02:34,2017-04-15 19:02:34,Qualification,135600,,13284.45,80
W_Opportunity.78,2016-07-26 19:06:28,2016-12-19 19:06:28,Closed Lost,129800,,33208.55,56
W_Opportunity.92,2016-11-04 20:04:43,2017-02-01 20:04:43,Needs Analysis,124800,,38143.17,98
W_Opportunity.62,2016-01-13 18:25:29,2016-05-02 18:25:29,Negotiation,81200,,58508.26,10
W_Opportunity.21,2015-02-15 08:54:27,2015-08-06 08:54:27,Closed Lost,157000,,14014.68,25
W_Opportunity.11,2015-09-28 17:10:19,2015-12-09 17:10:19,Closed Lost,196400,,8507.84,98
W_Opportunity.83,2015-06-27 14:12:50,2015-10-31 14:12:50,Closed Lost,127000,,77186.37,85
W_Opportunity.93,2015-09-30 22:37:04,2016-01-11 22:37:04,Closed Lost,170500,,94023.58,31
W_Opportunity.58,2015-01-08 21:32:43,2015-07-20 21:32:43,Closed Won,127600,,74875.22,64
W_Opportunity.86,2016-06-30 23:13:28,2016-12-26 23:13:28,Needs Analysis,125100,,72451.57,5
W_Opportunity.46,2015-05-21 22:43:06,2015-07-24 22:43:06,Closed Won,166800,,7815.44,39
W_Opportunity.80,2016-02-01 22:44:26,2016-05-26 22:44:26,Needs Analysis,146600,,50532.0,52
W_Opportunity.84,2015-05-21 16:13:17,2015-09-09 16:13:17,Proposal/Quote,92600,,51479.83,28
W_Opportunity.26,2015-07-28 09:00:50,2016-01-15 09:00:50,Needs Analysis,181700,,38142.44,98
W_Opportunity.62,2015-01-12 07:43:27,2015-06-20 07:43:27,Proposal/Quote,145800,,97652.91,100
W_Opportunity.80,2015-05-11 07:24:43,2015-08-14 07:24:43,Closed Lost,167900,,70441.18,22
W_Opportunity.24,2015-01-02 14:12:07,2015-05-18 14:12:07,Closed Won,126700,,23059.57,39
W_Opportunity.38,2016-01-19 00:10:37,2016-05-03 00:10:37,Closed Won,167200,,51075.77,61
W_Opportunity.29,2015-07-22 14:29:01,2015-11-07 14:29:01,Needs Analysis,132600,,12818.69,46
W_Opportunity.50,2015-11-18 14:09:40,2016-04-04 14:09:40,Closed Lost,152200,,61506.67,6
W_Opportunity.89,2015-11-01 12:52:58,2016-03-28 12:52:58,Closed Won,129800,,15409.85,87
W_Opportunity.26,2016-09-14 13:27:10,2016-12-01 13:27:10,Proposal/Quote,120700,,23127.26,16
W_Opportunity.52,2016-06-07 17:39:18,2016-12-19 17:39:18,Closed Won,139000,,12992.84,23
W_Opportunity.89,2015-06-30 16:48:12,2016-01-12 16:48:12,Negotiation,172100,,55657.97,46
W_Opportunity.16,2016-10-25 09:17:18,2017-01-25 09:17:18,Closed Won,92400,,78112.66,24
W_Opportunity.38,2015-06-12 19:38:31,2015-12-18 19:38:31,Qualification,144400,,33240.68,86
W_Opportunity.38,2015-06-18 08:57:12,2015-09-09 08:57:12,Closed Won,110500,,99763.05,85
W_Opportunity.24,2015-03-30 06:38:49,2015-09-19 06:38:49,Qualification,113500,,7970.97,49
W_Opportunity.71,2016-11-20 00:22:42,2017-04-22 00:22:42,Closed Won,208700,,12379.02,34
W_Opportunity.35,2016-04-10 21:13:38,2016-08-20 21:13:38,Negotiation,147400,,37869.78,46
W_Opportunity.39,2015-12-17 11:36:54,2016-04-21 11:36:54,Qualification,135100,,50130.36,91
W_Opportunity.27,2016-11-18 21:37:25,2017-03-26 21:37:25,Proposal/Quote,142400,,68015.0,8
W_Opportunity.42,2016-05-08 05:55:59,2016-11-29 05:55:59,Qualification,116400,,89558.12,59
W_Opportunity.4,2015-03-01 03:22:28,2015-08-30 03:22:28,Closed Won,145300,,73993.89,81
W_Opportunity.27,2016-09-23 09:32:29,2016-12-19 09:32:29,Needs Analysis,65800,,89082.86,10
W_Opportunity.33,2016-03-20 22:36:27,2016-10-08 22:36:27,Qualification,58600,,49703.67,54
W_Opportunity.35,2016-05-28 04:05:09,2016-08-23 04:05:09,Needs Analysis,146200,,73315.28,37
W_Opportunity.18,2015-12-31 09:10:33,2016-03-28 09:10:33,Closed Won,162400,,7495.64,73
W_Opportunity.43,2015-05-26 06:37:38,2015-11-11 06:37:38,Proposal/Quote,160300,,52430.24,31
W_Opportunity.50,2015-09-09 08:44:40,2016-02-11 08:44:40,Qualification,144900,,61112.13,55
W_Opportunity.84,2016-04-23 12:20:21,2016-08-15 12:20:21,Negotiation,186000,,14426.31,82
W_Opportunity.27,2015-12-05 21:10:19,2016-03-10 21:10:19,Negotiation,91400,,30947.36,55
W_Opportunity.65,2016-03-14 17:07:16,2016-06-28 17:07:16,Closed Won,105800,,78495.83,80
W_Opportunity.48,2016-10-01 08:01:08,2017-03-14 08:01:08,Negotiation,88800,,27704.28,90
W_Opportunity.82,2015-02-22 03:54:35,2015-06-06 03:54:35,Proposal/Quote,202100,,32584.79,34
W_Opportunity.17,2016-01-07 09:17:24,2016-05-16 09:17:24,Proposal/Quote,134800,,11559.76,42
W_Opportunity.92,2015-07-13 08:37:13,2015-09-22 08:37:13,Needs Analysis,114400,,49494.98,85
W_Opportunity.13,2015-11-11 17:38:49,2016-01-27 17:38:49,Needs Analysis,82500,,68481.28,18
W_Opportunity.33,2016-11-27 19:20:03,2017-02-25 19:20:03,Proposal/Quote,154600,,53364.36,71
W_Opportunity.80,2016-11-02 10:38:47,2017-05-01 10:38:47,Needs Analysis,149200,,57168.18,73
W_Opportunity.39,2016-04-08 05:01:56,2016-08-26 05:01:56,Qualification,178700,,58357.25,76
W_Opportunity.19,2016-07-30 04:06:02,2016-11-02 04:06:02,Qualification,147500,,69173.13,45
W_Opportunity.71,2016-09-04 06:30:30,2017-01-25 06:30:30,Negotiation,104300,,43264.28,77
W_Opportunity.6,2016-06-23 09:49:26,2016-12-17 09:49:26,Proposal/Quote,79000,,23867.24,70
W_Opportunity.52,2015-05-24 06:02:15,2015-11-20 06:02:15,Negotiation,101500,,52592.42,94
W_Opportunity.36,2015-03-22 02:52:52,2015-10-15 02:52:52,Closed Won,131200,,8003.24,37
W_Opportunity.9,2016-06-19 04:11:46,2016-10-08 04:11:46,Negotiation,149200,,93155.72,72
W_Opportunity.80,2015-06-24 04:11:48,2015-12-26 04:11:48,Closed Won,132700,,59629.22,90
W_Opportunity.48,2015-05-17 07:39:36,2015-11-08 07:39:36,Closed Won,178900,,50499.17,66
W_Opportunity.72,2015-11-18 20:26:45,2016-04-15 20:26:45,Closed Won,186200,,84268.79,32
W_Opportunity.65,2016-05-26 20:34:05,2016-09-26 20:34:05,Closed Won,106100,,58199.43,56
W_Opportunity.56,2015-08-15 12:45:52,2016-02-05 12:45:52,Qualification,138200,,12368.06,91
W_Opportunity.71,2016-07-27 18:32:02,2017-02-07 18:32:02,Closed Won,170400,,95644.27,7
W_Opportunity.81,2015-02-01 05:26:10,2015-05-26 05:26:10,Qualification,203800,,93056.66,38
W_Opportunity.80,2015-10-30 11:30:43,2016-01-10 11:30:43,Negotiation,99100,,86413.79,7
W_Opportunity.30,2015-05-12 05:51:50,2015-07-27 05:51:50,Negotiation,169500,,38472.78,60
W_Opportunity.26,2015-06-10 00:06:47,2015-11-25 00:06:47,Closed Lost,153300,,86625.68,48
W_Opportunity.87,2016-05-21 01:23:32,2016-10-08 01:23:32,Negotiation,90600,,42295.62,43
W_Opportunity.65,2016-01-30 15:42:40,2016-05-29 15:42:40,Qualification,168800,,84140.04,39
W_Opportunity.90,2016-07-05 13:07:21,2016-09-11 13:07:21,Needs Analysis,149200,,22808.97,87
W_Opportunity.70,2016-04-16 19:02:37,2016-11-12 19:02:37,Closed Lost,180400,,77548.23,66
W_Opportunity.10,2016-01-07 06:24:36,2016-04-03 06:24:36,Qualification,112300,,60320.17,74
W_Opportunity.63,2015-11-02 17:52:10,2016-05-13 17:52:10,Proposal/Quote,142600,,53046.36,87
W_Opportunity.49,2015-08-21 12:31:55,2016-03-17 12:31:55,Closed Won,153600,,22990.73,55
W_Opportunity.31,2016-11-30 12:31:00,2017-05-10 12:31:00,Qualification,110500,,56386.13,26
W_Opportunity.96,2016-11-04 13:35:31,2017-05-23 13:35:31,Qualification,143800,,89148.23,48
W_Opportunity.82,2015-05-05 21:49:33,2015-11-08 21:49:33,Closed Lost,150200,,82775.72,43
W_Opportunity.19,2015-01-04 19:05:37,2015-07-02 19:05:37,Closed Won,110400,,96978.02,41
W_Opportunity.50,2015-12-18 04:26:25,2016-03-13 04:26:25,Negotiation,111000,,38356.59,96
W_Opportunity.61,2016-01-02 18:01:56,2016-04-12 18:01:56,Qualification,118600,,8120.84,7
W_Opportunity.75,2015-08-05 10:44:28,2015-11-11 10:44:28,Proposal/Quote,182200,,90450.16,78
W_Opportunity.58,2016-10-19 07:45:56,2017-01-26 07:45:56,Negotiation,184300,,56535.07,90
W_Opportunity.61,2015-10-14 07:16:33,2016-04-09 07:16:33,Needs Analysis,71400,,48706.5,88
W_Opportunity.81,2015-05-25 01:51:23,2015-11-20 01:51:23,Closed Won,112900,,88756.61,64
W_Opportunity.83,2015-12-17 12:33:11,2016-05-07 12:33:11,Needs Analysis,122600,,68596.76,66
W_Opportunity.64,2016-12-29 12:36:00,2017-03-11 12:36:00,Closed Won,134000,,33165.23,10
W_Opportunity.41,2015-08-02 18:41:10,2015-11-30 18:41:10,Qualification,233800,,57285.04,3
W_Opportunity.94,2015-01-31 05:03:08,2015-08-28 05:03:08,Qualification,100500,,35321.93,17
W_Opportunity.40,2016-03-09 07:47:03,2016-08-18 07:47:03,Qualification,129600,,54940.23,97
W_Opportunity.36,2016-01-19 22:34:15,2016-04-21 22:34:15,Negotiation,147800,,32420.54,11
W_Opportunity.46,2016-05-27 14:01:45,2016-11-27 14:01:45,Needs Analysis,126000,,89358.69,72
W_Opportunity.56,2015-04-03 00:49:52,2015-07-29 00:49:52,Negotiation,127600,,79656.49,78
W_Opportunity.42,2016-03-22 10:33:34,2016-08-08 10:33:34,Closed Won,117000,,62485.54,26
W_Opportunity.61,2016-03-26 21:33:18,2016-07-19 21:33:18,Qualification,174500,,5043.58,26
W_Opportunity.72,2016-12-06 05:01:50,2017-02-17 05:01:50,Qualification,109000,,19930.09,28
W_Opportunity.76,2016-02-25 07:02:28,2016-09-03 07:02:28,Closed Won,225800,,58237.28,57
W_Opportunity.2,2016-11-20 22:07:37,2017-02-27 22:07:37,Closed Won,140400,,49873.58,70
W_Opportunity.98,2016-05-19 07:23:52,2016-09-02 07:23:52,Closed Won,182900,,90496.66,97
W_Opportunity.4,2015-02-13 21:14:51,2015-08-05 21:14:51,Negotiation,171000,,37530.54,49
W_Opportunity.61,2016-09-16 15:31:49,2017-02-11 15:31:49,Closed Won,111600,,99931.46,18
W_Opportunity.26,2016-03-13 16:34:17,2016-08-07 16:34:17,Closed Won,131100,,85253.41,92
W_Opportunity.90,2015-04-02 09:24:59,2015-09-23 09:24:59,Proposal/Quote,162100,,79784.87,61
W_Opportunity.73,2016-05-26 07:21:53,2016-09-24 07:21:53,Closed Won,92000,,94393.32,92
W_Opportunity.46,2015-09-17 18:09:24,2015-11-27 18:09:24,Negotiation,114300,,34430.49,35
W_Opportunity.79,2015-02-20 10:35:24,2015-09-11 10:35:24,Closed Won,101400,,32153.39,99
W_Opportunity.19,2016-11-10 00:58:38,2017-05-30 00:58:38,Closed Lost,88500,,32946.5,59
W_Opportunity.17,2015-10-23 04:37:33,2016-05-19 04:37:33,Closed Lost,171900,,7230.93,68
W_Opportunity.39,2015-01-20 01:52:52,2015-06-17 01:52:52,Negotiation,107700,,31754.0,8
W_Opportunity.100,2016-02-16 09:00:14,2016-08-24 09:00:14,Qualification,132300,,62280.71,96
W_Opportunity.8,2015-05-02 10:35:31,2015-08-03 10:35:31,Closed Won,119900,,45658.78,62
W_Opportunity.5,2015-02-19 19:09:07,2015-07-05 19:09:07,Proposal/Quote,69500,,78077.43,43
W_Opportunity.43,2016-03-05 09:15:37,2016-05-28 09:15:37,Closed Lost,123900,,57421.0,31
W_Opportunity.81,2016-02-02 23:02:27,2016-04-08 23:02:27,Proposal/Quote,75400,,80121.83,64
W_Opportunity.41,2016-09-20 10:26:35,2017-01-04 10:26:35,Negotiation,135800,,26781.75,47
W_Opportunity.85,2015-01-08 02:42:03,2015-03-27 02:42:03,Closed Won,139000,,16232.57,19
W_Opportunity.6,2016-04-04 20:52:55,2016-09-29 20:52:55,Qualification,149500,,36004.17,82
W_Opportunity.62,2016-01-04 18:56:40,2016-03-18 18:56:40,Needs Analysis,140700,,6872.53,42
W_Opportunity.19,2016-09-14 18:55:28,2017-03-01 18:55:28,Negotiation,153600,,92179.83,86
W_Opportunity.31,2015-11-12 05:17:33,2016-05-20 05:17:33,Negotiation,158700,,33512.99,26
W_Opportunity.87,2015-02-08 01:07:39,2015-08-04 01:07:39,Negotiation,141900,,16037.82,47
W_Opportunity.100,2016-02-13 09:15:21,2016-04-21 09:15:21,Closed Lost,126600,,15716.95,96
W_Opportunity.58,2016-07-29 20:06:06,2016-09-27 20:06:06,Negotiation,118400,,90289.76,80
W_Opportunity.63,2015-01-31 18:31:54,2015-05-20 18:31:54,Negotiation,118600,,10698.5,77
W_Opportunity.95,2015-05-24 13:24:22,2015-07-26 13:24:22,Closed Lost,164900,,96528.69,30
W_Opportunity.50,2016-12-24 03:14:36,2017-03-12 03:14:36,Closed Won,124000,,64641.92,97
W_Opportunity.93,2016-07-08 21:22:08,2017-01-20 21:22:08,Closed Lost,162100,,52949.26,63
W_Opportunity.82,2015-02-25 09:57:40,2015-05-21 09:57:40,Closed Won,151300,,38909.54,99
W_Opportunity.55,2015-05-29 10:30:16,2015-10-17 10:30:16,Closed Lost,132200,,12363.7,62
W_Opportunity.100,2016-06-05 21:02:56,2016-09-18 21:02:56,Needs Analysis,153500,,57214.5,5
W_Opportunity.44,2016-12-10 11:48:38,2017-05-18 11:48:38,Proposal/Quote,128200,,81243.34,96
W_Opportunity.98,2016-04-03 02:11:19,2016-07-16 02:11:19,Proposal/Quote,159100,,18513.84,40
W_Opportunity.3,2016-05-05 20:21:28,2016-10-29 20:21:28,Closed Won,130200,,10956.46,9
W_Opportunity.62,2015-04-18 20:19:16,2015-10-10 20:19:16,Qualification,125300,,14009.3,49
W_Opportunity.48,2016-05-22 21:06:29,2016-12-14 21:06:29,Proposal/Quote,77200,,7362.81,80
W_Opportunity.96,2015-08-27 04:12:31,2016-01-15 04:12:31,Closed Won,147200,,42381.74,54
W_Opportunity.47,2015-07-26 17:49:58,2015-11-20 17:49:58,Needs Analysis,173400,,73578.29,89
W_Opportunity.89,2015-04-02 00:40:07,2015-08-28 00:40:07,Closed Lost,161800,,50216.37,25
W_Opportunity.91,2015-10-28 00:23:29,2016-02-04 00:23:29,Negotiation,165800,,67762.17,53
W_Opportunity.97,2015-01-29 09:29:43,2015-08-10 09:29:43,Closed Lost,150200,,23516.77,72
W_Opportunity.44,2016-12-14 01:53:25,2017-03-13 01:53:25,Negotiation,94600,,36270.38,76
W_Opportunity.20,2015-11-09 18:41:46,2016-05-16 18:41:46,Negotiation,102800,,73156.83,41
W_Opportunity.41,2015-02-28 13:30:40,2015-07-08 13:30:40,Closed Lost,139900,,6727.2,34
W_Opportunity.33,2015-06-29 20:51:27,2015-11-14 20:51:27,Proposal/Quote,170200,,11807.94,3
W_Opportunity.86,2015-04-14 22:22:29,2015-09-05 22:22:29,Closed Lost,150200,,76926.7,96
W_Opportunity.91,2016-04-04 22:11:36,2016-07-22 22:11:36,Proposal/Quote,179200,,87620.9,21
W_Opportunity.51,2015-04-22 15:30:57,2015-08-22 15:30:57,Closed Lost,143100,,29087.16,4
W_Opportunity.42,2015-01-19 14:58:01,2015-06-22 14:58:01,Qualification,129600,,79492.25,59
W_Opportunity.5,2015-06-01 07:23:00,2015-08-08 07:23:00,Qualification,180000,,73063.52,87
W_Opportunity.53,2015-05-02 17:14:11,2015-11-06 17:14:11,Proposal/Quote,159900,,5925.27,96
W_Opportunity.95,2015-05-01 14:06:12,2015-10-27 14:06:12,Closed Lost,199500,,25992.26,92
W_Opportunity.17,2015-09-15 20:59:46,2015-12-17 20:59:46,Qualification,118500,,18105.22,66
W_Opportunity.32,2015-04-13 22:04:53,2015-10-19 22:04:53,Needs Analysis,154000,,41055.96,18
W_Opportunity.16,2015-03-19 15:50:04,2015-06-15 15:50:04,Proposal/Quote,139800,,48502.9,31
W_Opportunity.12,2015-05-12 09:15:37,2015-08-30 09:15:37,Needs Analysis,129300,,30589.98,21
W_Opportunity.46,2015-10-25 00:21:09,2016-01-29 00:21:09,Closed Won,156400,,48170.8,46
W_Opportunity.6,2015-12-10 17:42:10,2016-04-16 17:42:10,Proposal/Quote,136800,,23547.37,44
W_Opportunity.11,2015-11-24 05:10:18,2016-04-25 05:10:18,Proposal/Quote,134600,,14721.75,22
W_Opportunity.20,2016-04-18 08:18:36,2016-09-13 08:18:36,Needs Analysis,193000,,97392.44,96
W_Opportunity.58,2015-06-24 16:29:41,2015-12-06 16:29:41,Proposal/Quote,121300,,86493.81,65
W_Opportunity.100,2016-08-03 13:26:17,2017-01-07 13:26:17,Closed Won,137300,,79497.48,99
W_Opportunity.98,2015-09-27 22:55:08,2015-12-21 22:55:08,Negotiation,44400,,6745.53,44
W_Opportunity.61,2015-05-10 23:18:04,2015-07-14 23:18:04,Qualification,115000,,78672.59,32
W_Opportunity.86,2015-07-28 17:04:51,2016-01-04 17:04:51,Closed Lost,177500,,91907.44,16
W_Opportunity.80,2015-05-27 14:18:44,2015-10-11 14:18:44,Proposal/Quote,181700,,67277.04,90
W_Opportunity.30,2015-06-26 00:50:46,2015-09-12 00:50:46,Closed Won,146400,,73727.07,91
W_Opportunity.40,2015-03-04 01:25:06,2015-08-17 01:25:06,Qualification,136300,,29279.17,17
W_Opportunity.29,2015-01-26 06:33:59,2015-05-31 06:33:59,Closed Won,141300,,17175.57,97
W_Opportunity.20,2016-12-23 19:22:14,2017-06-06 19:22:14,Proposal/Quote,105100,,72700.31,69
W_Opportunity.69,2016-11-20 15:39:25,2017-04-02 15:39:25,Closed Won,167100,,68304.02,13
W_Opportunity.45,2016-09-13 20:17:21,2016-12-31 20:17:21,Closed Lost,105800,,52099.54,85
W_Opportunity.63,2015-01-07 10:18:08,2015-06-29 10:18:08,Needs Analysis,146500,,57879.18,82
W_Opportunity.77,2015-09-28 11:55:30,2016-04-07 11:55:30,Closed Won,143500,,62264.28,44
W_Opportunity.68,2015-08-23 19:13:23,2015-11-24 19:13:23,Proposal/Quote,130300,,27011.96,28
W_Opportunity.55,2016-09-29 15:15:01,2017-04-11 15:15:01,Proposal/Quote,148000,,46050.09,37
W_Opportunity.28,2015-07-16 03:14:56,2015-12-27 03:14:56,Needs Analysis,150500,,10666.49,74
W_Opportunity.25,2016-11-28 05:08:43,2017-05-31 05:08:43,Closed Lost,116100,,89095.58,16
W_Opportunity.60,2015-01-15 23:37:52,2015-06-30 23:37:52,Proposal/Quote,123400,,97622.23,93
W_Opportunity.97,2016-02-10 10:00:13,2016-06-02 10:00:13,Closed Won,125100,,89485.9,1
W_Opportunity.99,2016-05-06 23:34:37,2016-09-10 23:34:37,Qualification,215500,,42249.53,11
W_Opportunity.37,2015-01-24 06:30:26,2015-05-12 06:30:26,Closed Lost,258400,,75556.31,75
W_Opportunity.24,2016-05-11 16:05:16,2016-08-08 16:05:16,Closed Won,80700,,17113.65,22
W_Opportunity.79,2015-10-26 01:17:11,2016-04-16 01:17:11,Negotiation,118600,,50271.74,30
W_Opportunity.78,2015-07-31 16:35:08,2016-02-10 16:35:08,Closed Won,193000,,86524.55,60
W_Opportunity.11,2015-02-07 18:58:46,2015-08-18 18:58:46,Closed Lost,117900,,75161.38,93
W_Opportunity.62,2015-01-12 05:55:38,2015-03-30 05:55:38,Closed Won,110100,,81186.84,44
W_Opportunity.93,2016-05-26 06:50:35,2016-12-11 06:50:35,Closed Lost,127100,,43648.65,76
W_Opportunity.68,2016-04-13 18:58:01,2016-09-04 18:58:01,Proposal/Quote,116600,,39510.12,29
W_Opportunity.28,2015-06-22 12:50:25,2015-12-18 12:50:25,Negotiation,189200,,23894.59,35
W_Opportunity.78,2016-10-09 10:42:54,2017-03-01 10:42:54,Closed Lost,196500,,83349.84,86
W_Opportunity.8,2016-12-10 22:30:22,2017-04-14 22:30:22,Negotiation,159300,,99195.87,77
W_Opportunity.6,2015-03-10 17:41:07,2015-09-15 17:41:07,Closed Lost,116300,,27283.58,20
W_Opportunity.60,2015-08-02 10:19:40,2016-02-13 10:19:40,Proposal/Quote,165100,,67412.45,72
W_Opportunity.7,2016-03-30 11:15:12,2016-10-10 11:15:12,Needs Analysis,173100,,79149.42,83
W_Opportunity.50,2016-08-23 17:51:12,2017-03-19 17:51:12,Qualification,160900,,5209.18,75
W_Opportunity.17,2015-07-21 08:50:30,2016-01-03 08:50:30,Negotiation,146300,,54390.29,52
W_Opportunity.63,2016-09-20 18:16:41,2017-01-02 18:16:41,Closed Won,125800,,13336.68,46
W_Opportunity.83,2016-09-27 17:26:46,2017-01-10 17:26:46,Closed Lost,143600,,35412.81,16
W_Opportunity.65,2015-07-07 02:54:18,2015-11-28 02:54:18,Closed Won,104300,,53580.69,64
W_Opportunity.86,2016-03-15 08:30:57,2016-07-11 08:30:57,Proposal/Quote,175000,,81354.47,41
W_Opportunity.71,2016-02-14 04:29:35,2016-05-08 04:29:35,Needs Analysis,136200,,16313.73,69
W_Opportunity.39,2015-10-10 11:58:03,2016-04-25 11:58:03,Needs Analysis,160500,,11729.31,10
W_Opportunity.75,2016-06-17 14:24:48,2016-10-31 14:24:48,Negotiation,146900,,69132.5,67
W_Opportunity.13,2016-08-15 21:35:18,2016-12-31 21:35:18,Qualification,182900,,98898.06,27
W_Opportunity.80,2015-09-28 02:22:12,2016-04-01 02:22:12,Qualification,161100,,67591.94,34
W_Opportunity.64,2016-09-23 07:35:49,2017-03-03 07:35:49,Proposal/Quote,145500,,44517.65,94
W_Opportunity.88,2016-02-26 14:46:25,2016-05-10 14:46:25,Closed Lost,142700,,66135.09,22
W_Opportunity.33,2016-05-14 19:09:27,2016-10-17 19:09:27,Qualification,135100,,20471.12,28
W_Opportunity.59,2016-08-31 21:34:18,2016-12-22 21:34:18,Closed Lost,182500,,67872.82,95
W_Opportunity.28,2015-07-30 08:23:11,2015-12-21 08:23:11,Closed Won,174700,,14023.34,3
W_Opportunity.59,2015-12-22 17:45:00,2016-07-08 17:45:00,Negotiation,87100,,82675.61,21
W_Opportunity.7,2015-08-07 16:56:56,2015-11-16 16:56:56,Negotiation,159100,,20426.6,5
W_Opportunity.74,2015-11-15 15:15:18,2016-05-18 15:15:18,Negotiation,157900,,69738.95,42
W_Opportunity.32,2016-05-13 02:42:04,2016-11-21 02:42:04,Qualification,91400,,93262.69,58
W_Opportunity.19,2016-07-28 07:55:53,2016-12-10 07:55:53,Proposal/Quote,187600,,69542.48,63
W_Opportunity.62,2016-03-31 13:42:30,2016-07-22 13:42:30,Needs Analysis,111900,,92135.04,48
W_Opportunity.45,2016-06-15 11:46:00,2016-08-15 11:46:00,Closed Won,105200,,51700.27,32
W_Opportunity.50,2015-12-21 21:54:31,2016-06-13 21:54:31,Proposal/Quote,131800,,29327.74,61
W_Opportunity.65,2015-12-16 07:15:44,2016-06-05 07:15:44,Proposal/Quote,132100,,41622.81,12
W_Opportunity.42,2015-02-24 12:58:46,2015-07-03 12:58:46,Qualification,116000,,58710.04,7
W_Opportunity.54,2015-01-25 06:18:06,2015-05-27 06:18:06,Qualification,115000,,72502.82,44
W_Opportunity.55,2016-01-25 23:12:52,2016-05-25 23:12:52,Needs Analysis,132300,,89351.68,40
W_Opportunity.30,2016-10-04 22:45:37,2017-04-19 22:45:37,Negotiation,155700,,37902.18,14
W_Opportunity.73,2015-04-10 07:22:07,2015-09-09 07:22:07,Closed Lost,161100,,60121.27,35
W_Opportunity.12,2015-10-23 13:20:26,2016-04-30 13:20:26,Negotiation,85700,,20188.64,67
W_Opportunity.30,2016-07-20 13:15:24,2016-12-23 13:15:24,Negotiation,157300,,50335.66,27
W_Opportunity.87,2016-12-27 00:17:28,2017-03-11 00:17:28,Needs Analysis,167200,,17394.7,41
W_Opportunity.84,2016-12-27 08:20:57,2017-04-07 08:20:57,Qualification,84600,,91480.92,52
W_Opportunity.4,2016-08-22 06:58:38,2016-10-28 06:58:38,Needs Analysis,138700,,41884.12,32
W_Opportunity.48,2016-02-27 06:00:41,2016-07-04 06:00:41,Closed Won,145000,,33419.14,81
W_Opportunity.42,2015-01-07 23:06:42,2015-07-15 23:06:42,Closed Lost,153800,,83856.12,15
W_Opportunity.31,2015-05-26 12:10:10,2015-09-24 12:10:10,Negotiation,179900,,16702.21,75
W_Opportunity.16,2015-01-30 07:32:08,2015-06-05 07:32:08,Closed Won,111600,,82682.68,46
W_Opportunity.9,2016-05-08 02:47:57,2016-10-26 02:47:57,Qualification,105600,,58743.02,57
W_Opportunity.82,2016-06-27 22:15:26,2016-09-12 22:15:26,Qualification,117100,,19777.53,7
W_Opportunity.9,2016-08-23 12:44:36,2017-01-15 12:44:36,Closed Won,134500,,39238.26,60
W_Opportunity.24,2015-05-26 16:24:18,2015-09-26 16:24:18,Needs Analysis,115200,,95355.53,98
W_Opportunity.87,2016-05-25 02:10:52,2016-10-16 02:10:52,Needs Analysis,180300,,50358.7,37
W_Opportunity.42,2015-02-17 10:33:16,2015-06-09 10:33:16,Proposal/Quote,95400,,79424.72,23
W_Opportunity.21,2015-01-10 05:11:25,2015-05-14 05:11:25,Qualification,133100,,19679.22,54
W_Opportunity.60,2016-07-04 01:42:56,2016-11-19 01:42:56,Needs Analysis,117200,,32993.4,1
W_Opportunity.91,2016-04-08 07:41:46,2016-10-17 07:41:46,Proposal/Quote,117700,,62235.54,16
W_Opportunity.58,2016-01-18 20:48:44,2016-04-25 20:48:44,Closed Lost,146500,,49520.79,9
W_Opportunity.81,2016-03-18 05:46:58,2016-08-13 05:46:58,Closed Won,123000,,20962.31,72
W_Opportunity.22,2015-07-17 21:48:35,2015-11-07 21:48:35,Qualification,137500,,98625.3,33
W_Opportunity.69,2016-03-10 04:11:59,2016-05-10 04:11:59,Proposal/Quote,136600,,10873.98,60
W_Opportunity.10,2015-07-15 15:50:31,2016-01-18 15:50:31,Qualification,131400,,77280.2,15
W_Opportunity.97,2015-02-18 23:32:01,2015-09-10 23:32:01,Closed Lost,170900,,31413.71,83
W_Opportunity.56,2016-02-29 04:19:31,2016-05-25 04:19:31,Closed Lost,163700,,51196.34,68
W_Opportunity.46,2015-02-15 18:59:52,2015-08-09 18:59:52,Needs Analysis,200100,,56714.2,42
W_Opportunity.36,2016-01-25 11:10:05,2016-06-17 11:10:05,Negotiation,152900,,29844.25,96
W_Opportunity.46,2015-03-16 10:09:58,2015-06-30 10:09:58,Negotiation,178000,,99633.09,80
W_Opportunity.84,2015-07-23 17:39:57,2016-02-08 17:39:57,Closed Lost,136400,,21653.49,92
W_Opportunity.93,2016-11-11 10:01:41,2017-05-11 10:01:41,Negotiation,145100,,34452.29,70
W_Opportunity.50,2015-01-11 06:30:53,2015-04-30 06:30:53,Qualification,125700,,32104.5,65
W_Opportunity.91,2016-08-30 01:17:05,2016-11-22 01:17:05,Closed Lost,145100,,76870.04,98
W_Opportunity.5,2015-07-20 09:33:51,2015-10-11 09:33:51,Negotiation,83200,,28784.31,52
W_Opportunity.50,2015-03-24 16:42:07,2015-10-11 16:42:07,Negotiation,128700,,58702.69,15
W_Opportunity.87,2015-08-25 23:12:16,2015-12-15 23:12:16,Needs Analysis,136800,,78628.4,11
W_Opportunity.62,2016-06-02 14:25:49,2016-11-22 14:25:49,Proposal/Quote,142000,,53498.61,43
W_Opportunity.49,2016-11-11 21:54:50,2017-04-05 21:54:50,Closed Lost,173800,,30149.34,83
W_Opportunity.9,2016-04-01 00:26:11,2016-10-07 00:26:11,Needs Analysis,129000,,26168.58,30
W_Opportunity.53,2015-10-22 00:12:31,2016-03-19 00:12:31,Qualification,145400,,76437.73,93
W_Opportunity.39,2016-11-06 01:02:49,2017-04-20 01:02:49,Needs Analysis,184200,,70877.21,3
W_Opportunity.56,2016-01-13 19:40:00,2016-04-27 19:40:00,Closed Lost,117600,,11264.03,81
W_Opportunity.87,2015-04-22 14:12:57,2015-09-08 14:12:57,Qualification,217200,,72872.67,38
W_Opportunity.26,2015-10-31 19:45:10,2016-03-19 19:45:10,Negotiation,116600,,71591.27,84
W_Opportunity.61,2016-10-25 23:46:21,2017-03-29 23:46:21,Negotiation,165800,,28804.21,48
W_Opportunity.19,2015-08-20 15:01:23,2016-01-14 15:01:23,Proposal/Quote,105700,,9428.3,45
W_Opportunity.94,2016-06-06 05:39:38,2016-12-18 05:39:38,Closed Won,136100,,49328.13,25
W_Opportunity.1,2015-05-05 05:56:35,2015-10-12 05:56:35,Proposal/Quote,129500,,85470.33,72
W_Opportunity.85,2015-07-25 07:03:27,2016-01-26 07:03:27,Negotiation,182700,,84484.56,64
W_Opportunity.73,2015-06-23 09:10:46,2015-09-25 09:10:46,Negotiation,120200,,8367.2,22
W_Opportunity.29,2015-06-13 10:18:19,2015-09-26 10:18:19,Needs Analysis,174300,,20878.27,16
W_Opportunity.51,2015-03-17 23:36:40,2015-05-30 23:36:40,Proposal/Quote,167800,,24523.74,64
W_Opportunity.85,2016-07-22 15:53:51,2017-01-14 15:53:51,Needs Analysis,84100,,62686.37,87
W_Opportunity.75,2015-06-13 21:28:53,2015-08-25 21:28:53,Qualification,96900,,20602.11,45
W_Opportunity.18,2016-12-25 02:04:24,2017-04-08 02:04:24,Negotiation,217600,,44906.95,22
W_Opportunity.56,2015-10-21 17:28:54,2016-02-08 17:28:54,Needs Analysis,164400,,83099.6,94
W_Opportunity.13,2016-07-03 00:18:06,2016-12-02 00:18:06,Needs Analysis,76500,,44114.03,43
W_Opportunity.17,2016-03-06 20:35:45,2016-08-13 20:35:45,Needs Analysis,123300,,83158.9,27
W_Opportunity.2,2015-11-03 07:38:21,2016-05-26 07:38:21,Closed Won,209800,,39209.26,41
W_Opportunity.28,2015-12-01 23:27:11,2016-04-12 23:27:11,Negotiation,142100,,27221.96,9
W_Opportunity.50,2016-07-24 18:42:44,2016-10-12 18:42:44,Negotiation,145700,,50185.67,5
W_Opportunity.26,2016-11-07 19:53:21,2017-05-31 19:53:21,Closed Lost,110700,,73378.88,11
W_Opportunity.15,2016-09-27 07:05:53,2017-04-15 07:05:53,Negotiation,178400,,44443.38,43
W_Opportunity.68,2016-11-27 03:10:33,2017-03-24 03:10:33,Negotiation,112800,,58433.22,83
W_Opportunity.66,2015-04-24 14:38:59,2015-07-14 14:38:59,Negotiation,148000,,66121.43,31
W_Opportunity.27,2015-07-31 04:20:29,2015-10-12 04:20:29,Proposal/Quote,110400,,48450.52,56
W_Opportunity.73,2015-06-08 11:21:37,2015-11-06 11:21:37,Closed Won,138700,,97520.7,55
W_Opportunity.73,2016-10-17 00:22:15,2017-04-03 00:22:15,Closed Lost,145600,,88990.57,29
W_Opportunity.5,2015-08-04 17:22:46,2015-12-01 17:22:46,Negotiation,141300,,58142.87,93
W_Opportunity.87,2016-08-22 05:08:18,2016-12-08 05:08:18,Negotiation,172000,,91295.72,55
W_Opportunity.48,2015-02-03 06:23:03,2015-06-27 06:23:03,Needs Analysis,115300,,34893.4,99
W_Opportunity.38,2016-08-10 12:52:55,2016-10-28 12:52:55,Closed Won,200300,,95308.65,61
W_Opportunity.14,2016-02-26 15:10:46,2016-04-27 15:10:46,Closed Lost,146100,,92186.53,69
W_Opportunity.10,2016-04-02 15:24:33,2016-07-25 15:24:33,Proposal/Quote,122900,,62625.57,96
W_Opportunity.30,2016-09-25 22:48:39,2016-12-27 22:48:39,Negotiation,64900,,18284.21,92
W_Opportunity.48,2015-06-02 22:49:31,2015-09-17 22:49:31,Closed Won,93800,,20967.71,27
W_Opportunity.99,2016-07-05 12:54:18,2017-01-10 12:54:18,Needs Analysis,178200,,99564.54,45
W_Opportunity.72,2016-07-23 12:20:57,2016-11-25 12:20:57,Negotiation,194500,,44998.9,43
W_Opportunity.98,2015-10-07 03:20:07,2016-04-09 03:20:07,Closed Won,137900,,72128.43,49
W_Opportunity.88,2016-03-23 06:46:51,2016-07-26 06:46:51,Closed Lost,81100,,62424.7,100
W_Opportunity.87,2016-09-09 01:24:52,2017-02-22 01:24:52,Closed Won,126400,,30510.95,4
W_Opportunity.17,2016-12-10 06:23:40,2017-03-18 06:23:40,Proposal/Quote,167800,,31677.55,6
W_Opportunity.74,2016-08-18 21:10:50,2016-12-24 21:10:50,Closed Lost,142300,,38525.11,12
W_Opportunity.12,2016-11-24 11:46:47,2017-02-13 11:46:47,Proposal/Quote,174800,,62340.85,1
W_Opportunity.97,2016-04-08 01:42:49,2016-10-27 01:42:49,Closed Lost,167800,,97988.24,51
W_Opportunity.1,2015-05-11 02:00:24,2015-11-23 02:00:24,Needs Analysis,130300,,71416.94,44
W_Opportunity.71,2016-11-11 12:29:39,2017-04-10 12:29:39,Needs Analysis,176500,,7268.8,31
W_Opportunity.63,2016-12-19 19:14:08,2017-04-28 19:14:08,Qualification,171200,,45352.92,61
W_Opportunity.58,2015-07-18 02:14:49,2015-12-18 02:14:49,Proposal/Quote,211000,,93767.87,91
W_Opportunity.10,2016-05-17 01:45:39,2016-12-04 01:45:39,Closed Won,176900,,95750.15,61
W_Opportunity.59,2016-12-23 15:39:55,2017-03-15 15:39:55,Closed Won,88100,,97932.99,41
W_Opportunity.90,2015-01-22 03:48:46,2015-07-26 03:48:46,Negotiation,101500,,29456.43,67
W_Opportunity.64,2016-04-06 05:58:01,2016-09-27 05:58:01,Closed Lost,133400,,16075.17,18
W_Opportunity.36,2016-08-19 05:02:47,2017-02-09 05:02:47,Closed Won,171800,,7466.8,61
W_Opportunity.89,2015-10-11 03:20:12,2015-12-13 03:20:12,Needs Analysis,164700,,22549.47,3
W_Opportunity.66,2015-11-23 08:04:50,2016-03-09 08:04:50,Proposal/Quote,161000,,56686.09,59
W_Opportunity.95,2015-04-11 06:03:31,2015-10-10 06:03:31,Proposal/Quote,136300,,43252.76,97
W_Opportunity.66,2016-12-20 21:12:59,2017-07-06 21:12:59,Negotiation,159000,,98268.05,87
W_Opportunity.66,2015-02-09 20:01:57,2015-07-23 20:01:57,Proposal/Quote,187000,,20250.09,30
W_Opportunity.37,2016-01-29 12:58:09,2016-06-22 12:58:09,Needs Analysis,162800,,70018.97,28
W_Opportunity.94,2016-08-29 03:43:23,2016-11-01 03:43:23,Closed Won,212700,,52700.89,16
W_Opportunity.3,2016-11-15 15:25:44,2017-01-28 15:25:44,Negotiation,115500,,17322.96,94
W_Opportunity.41,2015-04-17 07:11:05,2015-10-29 07:11:05,Proposal/Quote,132400,,44030.28,35
W_Opportunity.25,2016-01-05 18:40:32,2016-07-24 18:40:32,Negotiation,149600,,83524.5,29
W_Opportunity.97,2015-08-25 12:06:52,2015-11-02 12:06:52,Closed Lost,223700,,74694.22,11
W_Opportunity.62,2016-03-10 23:33:01,2016-05-21 23:33:01,Needs Analysis,90800,,44914.92,90
W_Opportunity.84,2015-07-03 19:00:04,2015-12-16 19:00:04,Closed Won,174600,,24041.42,63
W_Opportunity.47,2016-10-22 21:22:16,2016-12-26 21:22:16,Negotiation,98400,,79174.47,62
W_Opportunity.44,2015-08-01 23:35:33,2015-12-23 23:35:33,Negotiation,115700,,28045.25,12
W_Opportunity.87,2015-04-05 15:25:37,2015-06-12 15:25:37,Closed Won,195000,,12799.16,34
W_Opportunity.34,2015-12-05 16:05:25,2016-05-02 16:05:25,Negotiation,56200,,83523.48,51
W_Opportunity.66,2016-10-17 21:00:36,2017-02-13 21:00:36,Closed Won,119200,,30486.44,99
W_Opportunity.32,2016-07-16 21:04:00,2016-11-12 21:04:00,Closed Won,199600,,8876.33,18
W_Opportunity.77,2016-10-18 10:20:26,2017-04-30 10:20:26,Negotiation,124300,,33764.7,53
W_Opportunity.84,2015-10-26 18:44:47,2016-05-08 18:44:47,Qualification,132000,,38952.69,86
W_Opportunity.25,2015-06-20 15:17:33,2015-08-19 15:17:33,Closed Won,90400,,63653.62,89
W_Opportunity.15,2015-02-05 06:46:25,2015-04-16 06:46:25,Qualification,134500,,89604.23,4
W_Opportunity.56,2015-04-26 12:49:47,2015-08-17 12:49:47,Qualification,162300,,37628.99,41
W_Opportunity.66,2015-12-14 16:13:20,2016-04-26 16:13:20,Needs Analysis,80900,,84045.5,66
W_Opportunity.80,2015-07-21 09:34:56,2015-12-13 09:34:56,Negotiation,130000,,48209.53,4
W_Opportunity.11,2015-03-17 17:38:15,2015-10-06 17:38:15,Negotiation,136200,,61523.5,60
W_Opportunity.13,2016-02-22 12:47:43,2016-04-25 12:47:43,Closed Lost,165600,,16259.9,17
W_Opportunity.13,2016-04-30 13:52:13,2016-08-16 13:52:13,Needs Analysis,163300,,48519.58,14
W_Opportunity.45,2015-05-05 17:26:10,2015-10-15 17:26:10,Needs Analysis,175700,,34045.2,21
W_Opportunity.18,2016-04-27 06:59:58,2016-07-07 06:59:58,Closed Won,140300,,62273.15,11
W_Opportunity.30,2016-04-16 07:08:50,2016-08-06 07:08:50,Proposal/Quote,81200,,86289.5,5
W_Opportunity.14,2016-11-30 23:10:47,2017-06-10 23:10:47,Negotiation,145000,,93773.34,87
W_Opportunity.31,2016-09-17 08:12:08,2017-04-12 08:12:08,Needs Analysis,81600,,32731.99,42
W_Opportunity.87,2015-08-06 14:35:28,2015-12-02 14:35:28,Closed Lost,145100,,41484.04,72
W_Opportunity.45,2016-08-07 15:21:37,2017-02-03 15:21:37,Proposal/Quote,143400,,19887.55,67
W_Opportunity.87,2015-05-16 06:23:32,2015-10-01 06:23:32,Needs Analysis,175800,,46205.58,66
W_Opportunity.18,2015-01-01 15:45:01,2015-06-01 15:45:01,Negotiation,145600,,74396.07,54
W_Opportunity.45,2016-02-08 19:48:44,2016-06-21 19:48:44,Proposal/Quote,182100,,81179.12,100
W_Opportunity.73,2016-02-06 08:48:28,2016-06-23 08:48:28,Qualification,121200,,30877.51,30
W_Opportunity.26,2015-05-23 05:28:57,2015-08-15 05:28:57,Closed Lost,163300,,79331.05,77
W_Opportunity.21,2015-11-22 16:45:03,2016-03-01 16:45:03,Needs Analysis,155600,,30414.75,53
W_Opportunity.96,2015-03-11 13:13:55,2015-08-26 13:13:55,Proposal/Quote,162900,,10389.05,8
W_Opportunity.48,2016-06-24 18:50:31,2016-09-12 18:50:31,Closed Won,192600,,67631.25,9
W_Opportunity.58,2016-07-29 15:01:00,2016-11-10 15:01:00,Closed Won,123000,,52509.15,58
W_Opportunity.9,2015-11-14 20:25:12,2016-02-07 20:25:12,Closed Lost,110200,,36715.9,58
W_Opportunity.46,2016-09-18 04:15:34,2017-01-21 04:15:34,Negotiation,218800,,22064.26,16
W_Opportunity.81,2015-10-01 02:06:14,2016-04-04 02:06:14,Needs Analysis,107900,,75661.92,74
W_Opportunity.69,2015-06-05 11:57:13,2015-12-15 11:57:13,Closed Lost,123200,,79746.58,23
W_Opportunity.34,2016-02-23 17:18:56,2016-09-14 17:18:56,Qualification,155300,,79008.81,76
W_Opportunity.93,2016-04-02 08:31:10,2016-07-30 08:31:10,Proposal/Quote,137700,,16889.56,23
W_Opportunity.69,2015-12-08 16:53:48,2016-03-11 16:53:48,Qualification,160100,,6169.03,69
W_Opportunity.54,2016-03-30 19:26:19,2016-08-14 19:26:19,Proposal/Quote,68200,,13554.44,31
W_Opportunity.25,2015-06-02 22:55:31,2015-11-23 22:55:31,Proposal/Quote,99500,,69918.37,63
W_Opportunity.19,2016-05-28 14:12:41,2016-09-27 14:12:41,Closed Lost,131400,,25893.95,80
W_Opportunity.35,2015-05-07 05:50:26,2015-11-17 05:50:26,Closed Lost,107700,,31320.82,63
W_Opportunity.38,2015-02-13 07:47:18,2015-07-10 07:47:18,Proposal/Quote,71300,,29422.81,46
W_Opportunity.4,2015-12-03 05:24:40,2016-05-02 05:24:40,Negotiation,136900,,38980.4,87
W_Opportunity.83,2015-08-20 23:50:39,2015-11-22 23:50:39,Closed Lost,233700,,74812.71,99
W_Opportunity.59,2015-09-09 05:47:09,2015-12-12 05:47:09,Qualification,104800,,59237.24,63
W_Opportunity.56,2016-04-20 14:21:46,2016-08-22 14:21:46,Qualification,131300,,55249.27,5
W_Opportunity.62,2016-05-12 19:59:27,2016-09-22 19:59:27,Needs Analysis,90500,,57687.16,72
W_Opportunity.38,2016-01-17 23:41:03,2016-08-04 23:41:03,Negotiation,134300,,83768.02,79
W_Opportunity.66,2016-11-25 17:10:54,2017-02-16 17:10:54,Closed Won,155200,,99217.41,52
W_Opportunity.25,2016-08-07 23:13:27,2016-10-24 23:13:27,Closed Won,220900,,60341.04,26
W_Opportunity.86,2015-12-16 07:14:20,2016-04-02 07:14:20,Closed Lost,129100,,42161.44,59
W_Opportunity.76,2015-12-06 02:15:37,2016-05-26 02:15:37,Proposal/Quote,117600,,14393.11,99
W_Opportunity.46,2015-04-13 17:57:12,2015-10-22 17:57:12,Closed Won,224700,,10747.62,40
W_Opportunity.8,2015-03-16 14:22:13,2015-06-02 14:22:13,Closed Lost,83000,,55310.4,43
W_Opportunity.32,2015-02-20 13:06:02,2015-06-19 13:06:02,Proposal/Quote,161100,,7145.47,55
W_Opportunity.43,2015-05-04 20:36:52,2015-11-06 20:36:52,Closed Lost,182600,,56218.81,30
W_Opportunity.9,2015-02-07 06:19:06,2015-04-29 06:19:06,Closed Won,159900,,73962.35,57
W_Opportunity.45,2016-02-01 19:52:35,2016-05-16 19:52:35,Closed Won,162700,,8567.38,23
W_Opportunity.93,2015-02-11 22:11:35,2015-06-25 22:11:35,Qualification,173900,,79722.28,50
W_Opportunity.6,2015-02-04 10:55:26,2015-06-21 10:55:26,Closed Lost,226200,,8367.57,6
W_Opportunity.24,2015-03-14 07:52:58,2015-05-13 07:52:58,Negotiation,121200,,61112.98,14
W_Opportunity.35,2015-02-04 07:42:00,2015-04-12 07:42:00,Closed Won,98300,,27687.32,55
W_Opportunity.27,2015-09-13 08:17:07,2016-03-04 08:17:07,Proposal/Quote,131500,,20375.79,16
W_Opportunity.2,2015-07-11 08:25:39,2015-09-28 08:25:39,Proposal/Quote,99000,,47995.48,64
W_Opportunity.29,2016-01-23 11:28:48,2016-07-18 11:28:48,Needs Analysis,133500,,22985.77,24
W_Opportunity.13,2016-07-20 13:40:09,2016-12-13 13:40:09,Closed Won,177600,,26819.0,93
W_Opportunity.84,2015-05-27 03:49:35,2015-07-28 03:49:35,Qualification,105100,,73151.61,56
W_Opportunity.88,2016-08-11 19:13:56,2017-01-24 19:13:56,Qualification,133500,,47375.56,79
W_Opportunity.77,2015-07-26 10:34:20,2015-09-30 10:34:20,Closed Lost,82500,,47792.45,86
W_Opportunity.94,2016-06-19 05:10:26,2016-12-23 05:10:26,Proposal/Quote,107400,,66312.87,53
W_Opportunity.12,2016-04-07 11:05:11,2016-06-17 11:05:11,Needs Analysis,123900,,83110.46,27
W_Opportunity.54,2015-10-10 15:24:17,2016-02-05 15:24:17,Qualification,156500,,61457.02,24
W_Opportunity.69,2016-08-23 17:46:58,2016-12-04 17:46:58,Negotiation,138800,,58349.64,63
W_Opportunity.24,2015-08-29 15:36:16,2016-02-02 15:36:16,Needs Analysis,173800,,75437.66,80
W_Opportunity.92,2016-10-06 16:35:26,2017-04-30 16:35:26,Needs Analysis,161800,,90310.69,16
W_Opportunity.69,2016-01-18 02:54:30,2016-07-22 02:54:30,Qualification,155800,,64233.81,43
W_Opportunity.20,2016-05-22 13:41:26,2016-08-23 13:41:26,Negotiation,116200,,86701.18,24
W_Opportunity.76,2016-09-21 23:20:16,2016-12-07 23:20:16,Needs Analysis,83000,,36109.51,77
W_Opportunity.24,2016-06-23 14:08:12,2016-08-29 14:08:12,Closed Won,137900,,58172.72,10
