ArticleNumber,External_Id__c,CaseAssociationCount,CreatedDate__c,FirstPublishedDate,LastPublishedDate
1,W_KnowledgeArticle.1,4,2016-10-30,2016-11-07,2016-11-15
2,W_KnowledgeArticle.2,2,2016-07-19,2016-07-29,2016-08-06
3,W_KnowledgeArticle.3,1,2016-04-29,2016-05-07,2016-05-16
4,W_KnowledgeArticle.4,3,2016-09-12,2016-09-19,2016-09-29
5,W_KnowledgeArticle.5,4,2016-11-02,2016-11-11,2016-11-17
6,W_KnowledgeArticle.6,2,2016-06-14,2016-06-16,2016-06-20
7,W_KnowledgeArticle.7,5,2016-11-17,2016-11-18,2016-11-27
8,W_KnowledgeArticle.8,5,2017-01-10,2017-01-14,2017-01-23
9,W_KnowledgeArticle.9,5,2017-02-04,2017-02-11,2017-02-15
10,W_KnowledgeArticle.10,3,2016-11-07,2016-11-11,2016-11-12
11,W_KnowledgeArticle.11,2,2016-06-21,2016-06-30,2016-07-04
12,W_KnowledgeArticle.12,3,2017-02-21,2017-02-28,2017-03-02
13,W_KnowledgeArticle.13,1,2017-03-03,2017-03-13,2017-03-22
14,W_KnowledgeArticle.14,2,2017-01-15,2017-01-16,2017-01-26
15,W_KnowledgeArticle.15,3,2016-10-05,2016-10-09,2016-10-16
16,W_KnowledgeArticle.16,1,2016-12-14,2016-12-19,2016-12-23
17,W_KnowledgeArticle.17,2,2016-05-22,2016-05-30,2016-06-06
18,W_KnowledgeArticle.18,5,2016-11-12,2016-11-20,2016-11-22
19,W_KnowledgeArticle.19,3,2016-04-27,2016-05-05,2016-05-06
20,W_KnowledgeArticle.20,1,2016-07-06,2016-07-14,2016-07-17
21,W_KnowledgeArticle.21,3,2017-02-01,2017-02-04,2017-02-05
22,W_KnowledgeArticle.22,4,2017-04-09,2017-04-19,2017-04-29
23,W_KnowledgeArticle.23,2,2016-10-02,2016-10-06,2016-10-14
24,W_KnowledgeArticle.24,2,2016-08-19,2016-08-21,2016-08-27
25,W_KnowledgeArticle.25,2,2016-10-27,2016-11-01,2016-11-07
26,W_KnowledgeArticle.26,1,2016-11-14,2016-11-23,2016-11-28
27,W_KnowledgeArticle.27,3,2016-12-08,2016-12-10,2016-12-19
28,W_KnowledgeArticle.28,5,2016-05-03,2016-05-06,2016-05-12
29,W_KnowledgeArticle.29,5,2016-10-30,2016-11-05,2016-11-13
30,W_KnowledgeArticle.30,1,2016-05-28,2016-05-30,2016-06-01
31,W_KnowledgeArticle.31,2,2016-06-08,2016-06-17,2016-06-27
32,W_KnowledgeArticle.32,4,2017-01-02,2017-01-09,2017-01-15
33,W_KnowledgeArticle.33,3,2016-11-04,2016-11-12,2016-11-15
34,W_KnowledgeArticle.34,4,2016-06-17,2016-06-19,2016-06-25
35,W_KnowledgeArticle.35,5,2016-11-26,2016-12-05,2016-12-07
36,W_KnowledgeArticle.36,3,2016-08-11,2016-08-16,2016-08-17
37,W_KnowledgeArticle.37,5,2016-12-25,2017-01-04,2017-01-05
38,W_KnowledgeArticle.38,1,2017-03-26,2017-03-28,2017-03-31
39,W_KnowledgeArticle.39,1,2016-10-27,2016-11-06,2016-11-16
40,W_KnowledgeArticle.40,4,2016-12-20,2016-12-30,2017-01-04
41,W_KnowledgeArticle.41,5,2017-03-02,2017-03-04,2017-03-05
42,W_KnowledgeArticle.42,5,2016-12-25,2016-12-30,2017-01-04
43,W_KnowledgeArticle.43,3,2016-06-10,2016-06-18,2016-06-20
44,W_KnowledgeArticle.44,5,2017-02-13,2017-02-17,2017-02-27
45,W_KnowledgeArticle.45,2,2016-12-28,2016-12-29,2017-01-03
46,W_KnowledgeArticle.46,5,2016-07-02,2016-07-09,2016-07-11
47,W_KnowledgeArticle.47,5,2017-01-15,2017-01-17,2017-01-21
48,W_KnowledgeArticle.48,3,2017-04-04,2017-04-12,2017-04-18
49,W_KnowledgeArticle.49,3,2016-06-05,2016-06-09,2016-06-18
50,W_KnowledgeArticle.50,1,2017-02-09,2017-02-13,2017-02-18
51,W_KnowledgeArticle.51,3,2016-06-17,2016-06-26,2016-06-27
52,W_KnowledgeArticle.52,4,2016-11-10,2016-11-11,2016-11-13
53,W_KnowledgeArticle.53,4,2016-06-06,2016-06-08,2016-06-14
54,W_KnowledgeArticle.54,5,2016-05-19,2016-05-22,2016-05-26
55,W_KnowledgeArticle.55,3,2016-08-02,2016-08-06,2016-08-07
56,W_KnowledgeArticle.56,1,2016-08-21,2016-08-27,2016-09-05
57,W_KnowledgeArticle.57,4,2016-07-06,2016-07-13,2016-07-18
58,W_KnowledgeArticle.58,2,2016-10-10,2016-10-14,2016-10-20
59,W_KnowledgeArticle.59,1,2017-02-02,2017-02-06,2017-02-13
60,W_KnowledgeArticle.60,1,2016-10-22,2016-10-23,2016-10-29
61,W_KnowledgeArticle.61,5,2016-05-24,2016-05-29,2016-06-05
62,W_KnowledgeArticle.62,4,2016-12-14,2016-12-22,2016-12-28
63,W_KnowledgeArticle.63,1,2016-12-26,2017-01-02,2017-01-08
64,W_KnowledgeArticle.64,2,2016-11-03,2016-11-06,2016-11-10
65,W_KnowledgeArticle.65,2,2016-12-03,2016-12-13,2016-12-22
66,W_KnowledgeArticle.66,4,2017-02-09,2017-02-19,2017-02-27
67,W_KnowledgeArticle.67,1,2016-07-31,2016-08-08,2016-08-09
68,W_KnowledgeArticle.68,3,2016-12-13,2016-12-14,2016-12-18
69,W_KnowledgeArticle.69,4,2016-11-19,2016-11-26,2016-11-29
70,W_KnowledgeArticle.70,4,2017-03-09,2017-03-10,2017-03-17
71,W_KnowledgeArticle.71,4,2016-06-24,2016-06-28,2016-07-05
72,W_KnowledgeArticle.72,1,2016-05-25,2016-06-02,2016-06-09
73,W_KnowledgeArticle.73,5,2016-09-03,2016-09-09,2016-09-19
74,W_KnowledgeArticle.74,3,2016-11-25,2016-12-05,2016-12-15
75,W_KnowledgeArticle.75,2,2016-07-08,2016-07-10,2016-07-16
76,W_KnowledgeArticle.76,3,2016-07-13,2016-07-16,2016-07-23
77,W_KnowledgeArticle.77,2,2016-10-16,2016-10-20,2016-10-21
78,W_KnowledgeArticle.78,3,2016-07-11,2016-07-16,2016-07-24
79,W_KnowledgeArticle.79,5,2016-12-25,2016-12-26,2017-01-04
80,W_KnowledgeArticle.80,4,2017-03-24,2017-03-31,2017-04-06
81,W_KnowledgeArticle.81,5,2016-04-17,2016-04-25,2016-05-05
82,W_KnowledgeArticle.82,4,2017-02-17,2017-02-20,2017-02-25
83,W_KnowledgeArticle.83,3,2017-02-25,2017-03-07,2017-03-12
84,W_KnowledgeArticle.84,1,2016-05-06,2016-05-11,2016-05-18
85,W_KnowledgeArticle.85,2,2016-10-24,2016-10-26,2016-11-04
86,W_KnowledgeArticle.86,2,2017-02-11,2017-02-16,2017-02-24
87,W_KnowledgeArticle.87,1,2016-06-22,2016-07-01,2016-07-04
88,W_KnowledgeArticle.88,3,2016-06-18,2016-06-21,2016-06-24
89,W_KnowledgeArticle.89,2,2016-08-26,2016-08-30,2016-09-06
90,W_KnowledgeArticle.90,3,2016-11-01,2016-11-11,2016-11-18
91,W_KnowledgeArticle.91,5,2016-12-17,2016-12-20,2016-12-22
92,W_KnowledgeArticle.92,3,2016-04-15,2016-04-25,2016-04-27
93,W_KnowledgeArticle.93,1,2017-01-31,2017-02-05,2017-02-11
94,W_KnowledgeArticle.94,1,2016-08-05,2016-08-15,2016-08-24
95,W_KnowledgeArticle.95,5,2017-01-28,2017-02-03,2017-02-13
96,W_KnowledgeArticle.96,5,2016-12-06,2016-12-12,2016-12-22
97,W_KnowledgeArticle.97,4,2016-12-03,2016-12-08,2016-12-16
98,W_KnowledgeArticle.98,1,2016-09-01,2016-09-09,2016-09-13
99,W_KnowledgeArticle.99,2,2016-07-14,2016-07-17,2016-07-19
100,W_KnowledgeArticle.100,4,2016-06-20,2016-06-27,2016-07-03
101,W_KnowledgeArticle.101,5,2016-05-31,2016-06-04,2016-06-09
102,W_KnowledgeArticle.102,1,2016-11-17,2016-11-23,2016-12-01
103,W_KnowledgeArticle.103,4,2016-11-25,2016-11-28,2016-12-07
104,W_KnowledgeArticle.104,5,2016-06-01,2016-06-04,2016-06-08
105,W_KnowledgeArticle.105,2,2017-01-06,2017-01-09,2017-01-10
106,W_KnowledgeArticle.106,4,2016-08-25,2016-09-03,2016-09-08
107,W_KnowledgeArticle.107,4,2016-12-01,2016-12-08,2016-12-15
108,W_KnowledgeArticle.108,1,2016-05-18,2016-05-23,2016-05-27
109,W_KnowledgeArticle.109,3,2016-11-19,2016-11-27,2016-12-01
110,W_KnowledgeArticle.110,2,2017-02-12,2017-02-20,2017-02-26
111,W_KnowledgeArticle.111,4,2017-02-20,2017-02-25,2017-03-04
112,W_KnowledgeArticle.112,3,2017-01-18,2017-01-24,2017-01-30
113,W_KnowledgeArticle.113,5,2016-09-12,2016-09-13,2016-09-22
114,W_KnowledgeArticle.114,5,2016-09-08,2016-09-11,2016-09-17
115,W_KnowledgeArticle.115,5,2017-01-01,2017-01-11,2017-01-14
116,W_KnowledgeArticle.116,5,2016-04-30,2016-05-06,2016-05-11
117,W_KnowledgeArticle.117,4,2016-08-26,2016-09-05,2016-09-09
118,W_KnowledgeArticle.118,1,2016-10-01,2016-10-06,2016-10-09
119,W_KnowledgeArticle.119,1,2017-01-19,2017-01-25,2017-01-29
120,W_KnowledgeArticle.120,3,2016-06-28,2016-07-05,2016-07-08
121,W_KnowledgeArticle.121,5,2016-10-28,2016-11-04,2016-11-11
122,W_KnowledgeArticle.122,2,2016-09-06,2016-09-13,2016-09-22
123,W_KnowledgeArticle.123,2,2016-12-29,2017-01-03,2017-01-07
124,W_KnowledgeArticle.124,3,2016-05-26,2016-05-30,2016-06-04
125,W_KnowledgeArticle.125,3,2016-07-29,2016-08-05,2016-08-13
126,W_KnowledgeArticle.126,5,2017-01-31,2017-02-08,2017-02-17
127,W_KnowledgeArticle.127,5,2016-08-02,2016-08-11,2016-08-18
128,W_KnowledgeArticle.128,1,2016-06-03,2016-06-11,2016-06-12
129,W_KnowledgeArticle.129,2,2016-07-30,2016-07-31,2016-08-06
130,W_KnowledgeArticle.130,4,2016-07-11,2016-07-16,2016-07-26
131,W_KnowledgeArticle.131,2,2016-09-14,2016-09-23,2016-09-28
132,W_KnowledgeArticle.132,4,2016-04-20,2016-04-25,2016-05-04
133,W_KnowledgeArticle.133,4,2016-11-08,2016-11-10,2016-11-12
134,W_KnowledgeArticle.134,2,2016-04-21,2016-04-27,2016-04-28
135,W_KnowledgeArticle.135,1,2016-10-07,2016-10-17,2016-10-23
136,W_KnowledgeArticle.136,1,2016-10-20,2016-10-27,2016-11-05
137,W_KnowledgeArticle.137,4,2016-10-21,2016-10-22,2016-10-29
138,W_KnowledgeArticle.138,4,2016-10-10,2016-10-15,2016-10-19
139,W_KnowledgeArticle.139,2,2016-11-15,2016-11-18,2016-11-19
140,W_KnowledgeArticle.140,1,2017-04-08,2017-04-10,2017-04-18
141,W_KnowledgeArticle.141,1,2016-08-20,2016-08-26,2016-08-30
142,W_KnowledgeArticle.142,2,2016-08-19,2016-08-25,2016-09-04
143,W_KnowledgeArticle.143,1,2016-09-26,2016-10-06,2016-10-16
144,W_KnowledgeArticle.144,2,2016-08-08,2016-08-17,2016-08-20
145,W_KnowledgeArticle.145,3,2017-02-12,2017-02-16,2017-02-24
146,W_KnowledgeArticle.146,1,2016-10-12,2016-10-22,2016-10-26
147,W_KnowledgeArticle.147,5,2016-11-24,2016-11-27,2016-12-03
148,W_KnowledgeArticle.148,5,2016-06-23,2016-06-29,2016-07-09
149,W_KnowledgeArticle.149,1,2016-11-26,2016-11-27,2016-12-03
150,W_KnowledgeArticle.150,2,2016-06-12,2016-06-15,2016-06-19
151,W_KnowledgeArticle.151,5,2016-07-01,2016-07-11,2016-07-20
152,W_KnowledgeArticle.152,5,2017-01-10,2017-01-14,2017-01-21
153,W_KnowledgeArticle.153,1,2017-03-05,2017-03-10,2017-03-13
154,W_KnowledgeArticle.154,2,2016-10-17,2016-10-26,2016-11-05
155,W_KnowledgeArticle.155,5,2016-07-08,2016-07-13,2016-07-21
156,W_KnowledgeArticle.156,5,2016-12-08,2016-12-14,2016-12-21
157,W_KnowledgeArticle.157,5,2016-11-08,2016-11-16,2016-11-21
158,W_KnowledgeArticle.158,1,2016-04-27,2016-04-28,2016-05-06
159,W_KnowledgeArticle.159,3,2017-04-05,2017-04-15,2017-04-18
160,W_KnowledgeArticle.160,1,2016-07-13,2016-07-18,2016-07-28
161,W_KnowledgeArticle.161,5,2017-03-13,2017-03-15,2017-03-16
162,W_KnowledgeArticle.162,3,2016-08-06,2016-08-10,2016-08-12
163,W_KnowledgeArticle.163,2,2017-03-14,2017-03-18,2017-03-26
164,W_KnowledgeArticle.164,4,2016-05-12,2016-05-17,2016-05-23
165,W_KnowledgeArticle.165,2,2017-03-29,2017-04-08,2017-04-16
166,W_KnowledgeArticle.166,2,2016-10-15,2016-10-24,2016-10-30
167,W_KnowledgeArticle.167,4,2016-08-12,2016-08-15,2016-08-18
168,W_KnowledgeArticle.168,2,2016-12-13,2016-12-21,2016-12-31
169,W_KnowledgeArticle.169,3,2016-05-14,2016-05-16,2016-05-21
170,W_KnowledgeArticle.170,3,2016-05-19,2016-05-23,2016-05-29
171,W_KnowledgeArticle.171,4,2016-08-03,2016-08-13,2016-08-22
172,W_KnowledgeArticle.172,1,2017-03-08,2017-03-09,2017-03-18
173,W_KnowledgeArticle.173,5,2017-03-23,2017-03-31,2017-04-10
174,W_KnowledgeArticle.174,1,2016-07-10,2016-07-19,2016-07-21
175,W_KnowledgeArticle.175,2,2017-02-08,2017-02-10,2017-02-15
176,W_KnowledgeArticle.176,3,2016-11-15,2016-11-20,2016-11-30
177,W_KnowledgeArticle.177,3,2016-10-22,2016-10-30,2016-11-04
178,W_KnowledgeArticle.178,4,2016-10-06,2016-10-11,2016-10-13
179,W_KnowledgeArticle.179,4,2016-06-10,2016-06-20,2016-06-29
180,W_KnowledgeArticle.180,4,2016-09-04,2016-09-11,2016-09-13
181,W_KnowledgeArticle.181,4,2016-08-22,2016-08-27,2016-09-05
182,W_KnowledgeArticle.182,1,2017-01-11,2017-01-16,2017-01-21
183,W_KnowledgeArticle.183,4,2017-02-26,2017-03-05,2017-03-09
184,W_KnowledgeArticle.184,1,2016-04-13,2016-04-16,2016-04-19
185,W_KnowledgeArticle.185,3,2016-09-04,2016-09-14,2016-09-23
186,W_KnowledgeArticle.186,4,2017-01-14,2017-01-15,2017-01-17
187,W_KnowledgeArticle.187,4,2016-12-30,2017-01-07,2017-01-10
188,W_KnowledgeArticle.188,4,2016-08-29,2016-09-06,2016-09-08
189,W_KnowledgeArticle.189,5,2016-04-19,2016-04-29,2016-05-01
190,W_KnowledgeArticle.190,4,2016-05-02,2016-05-07,2016-05-09
191,W_KnowledgeArticle.191,2,2016-07-26,2016-08-02,2016-08-12
192,W_KnowledgeArticle.192,3,2016-12-27,2016-12-29,2017-01-07
193,W_KnowledgeArticle.193,3,2016-12-01,2016-12-09,2016-12-12
194,W_KnowledgeArticle.194,4,2016-07-10,2016-07-15,2016-07-21
195,W_KnowledgeArticle.195,3,2016-07-29,2016-08-06,2016-08-08
196,W_KnowledgeArticle.196,5,2016-12-07,2016-12-15,2016-12-21
197,W_KnowledgeArticle.197,4,2016-12-10,2016-12-15,2016-12-17
198,W_KnowledgeArticle.198,5,2016-12-26,2016-12-29,2017-01-01
199,W_KnowledgeArticle.199,5,2016-11-27,2016-12-06,2016-12-08
200,W_KnowledgeArticle.200,1,2016-08-21,2016-08-27,2016-08-31
201,W_KnowledgeArticle.201,4,2017-03-30,2017-04-05,2017-04-10
202,W_KnowledgeArticle.202,2,2016-10-23,2016-10-24,2016-11-02
203,W_KnowledgeArticle.203,2,2016-10-29,2016-11-04,2016-11-12
204,W_KnowledgeArticle.204,4,2016-09-02,2016-09-10,2016-09-16
205,W_KnowledgeArticle.205,1,2016-12-17,2016-12-20,2016-12-29
206,W_KnowledgeArticle.206,4,2016-11-14,2016-11-17,2016-11-26
207,W_KnowledgeArticle.207,2,2016-11-16,2016-11-21,2016-11-28
208,W_KnowledgeArticle.208,1,2017-01-23,2017-02-01,2017-02-06
209,W_KnowledgeArticle.209,4,2016-09-26,2016-10-06,2016-10-09
210,W_KnowledgeArticle.210,5,2016-05-26,2016-06-02,2016-06-07
211,W_KnowledgeArticle.211,1,2016-10-08,2016-10-11,2016-10-17
212,W_KnowledgeArticle.212,1,2016-08-21,2016-08-25,2016-09-02
213,W_KnowledgeArticle.213,5,2017-03-02,2017-03-10,2017-03-11
214,W_KnowledgeArticle.214,2,2016-12-19,2016-12-24,2016-12-28
215,W_KnowledgeArticle.215,2,2017-03-22,2017-03-27,2017-04-04
216,W_KnowledgeArticle.216,3,2017-02-15,2017-02-18,2017-02-25
217,W_KnowledgeArticle.217,1,2016-09-29,2016-10-03,2016-10-04
218,W_KnowledgeArticle.218,5,2017-03-11,2017-03-16,2017-03-22
219,W_KnowledgeArticle.219,5,2016-05-16,2016-05-24,2016-05-29
220,W_KnowledgeArticle.220,5,2016-05-23,2016-05-27,2016-05-31
221,W_KnowledgeArticle.221,4,2016-04-20,2016-04-30,2016-05-02
222,W_KnowledgeArticle.222,4,2017-03-03,2017-03-05,2017-03-15
223,W_KnowledgeArticle.223,3,2016-12-31,2017-01-07,2017-01-11
224,W_KnowledgeArticle.224,5,2016-06-14,2016-06-22,2016-06-29
225,W_KnowledgeArticle.225,1,2016-04-20,2016-04-26,2016-05-04
226,W_KnowledgeArticle.226,4,2016-04-26,2016-05-01,2016-05-03
227,W_KnowledgeArticle.227,5,2017-01-01,2017-01-08,2017-01-15
228,W_KnowledgeArticle.228,3,2016-12-07,2016-12-15,2016-12-22
229,W_KnowledgeArticle.229,5,2017-01-30,2017-02-04,2017-02-08
230,W_KnowledgeArticle.230,5,2016-09-25,2016-09-29,2016-10-02
231,W_KnowledgeArticle.231,4,2016-06-08,2016-06-12,2016-06-13
232,W_KnowledgeArticle.232,1,2016-05-17,2016-05-26,2016-06-04
233,W_KnowledgeArticle.233,5,2017-03-02,2017-03-06,2017-03-12
234,W_KnowledgeArticle.234,3,2016-08-01,2016-08-04,2016-08-11
235,W_KnowledgeArticle.235,5,2017-03-25,2017-03-31,2017-04-08
236,W_KnowledgeArticle.236,4,2016-12-03,2016-12-10,2016-12-20
237,W_KnowledgeArticle.237,4,2016-12-05,2016-12-08,2016-12-11
238,W_KnowledgeArticle.238,1,2017-01-01,2017-01-06,2017-01-13
239,W_KnowledgeArticle.239,3,2016-06-08,2016-06-14,2016-06-21
240,W_KnowledgeArticle.240,1,2016-05-09,2016-05-14,2016-05-22
241,W_KnowledgeArticle.241,4,2016-08-31,2016-09-01,2016-09-09
242,W_KnowledgeArticle.242,5,2016-09-30,2016-10-01,2016-10-07
243,W_KnowledgeArticle.243,4,2016-12-09,2016-12-17,2016-12-25
244,W_KnowledgeArticle.244,2,2017-03-11,2017-03-16,2017-03-22
245,W_KnowledgeArticle.245,1,2017-02-23,2017-03-04,2017-03-13
246,W_KnowledgeArticle.246,5,2016-06-11,2016-06-19,2016-06-27
247,W_KnowledgeArticle.247,1,2016-10-14,2016-10-19,2016-10-26
248,W_KnowledgeArticle.248,3,2016-08-06,2016-08-08,2016-08-11
249,W_KnowledgeArticle.249,2,2016-04-26,2016-04-28,2016-04-29
250,W_KnowledgeArticle.250,4,2016-11-04,2016-11-09,2016-11-17
251,W_KnowledgeArticle.251,2,2017-02-16,2017-02-24,2017-03-06
252,W_KnowledgeArticle.252,1,2016-08-08,2016-08-16,2016-08-21
253,W_KnowledgeArticle.253,5,2016-05-19,2016-05-25,2016-05-31
254,W_KnowledgeArticle.254,3,2016-05-05,2016-05-08,2016-05-15
255,W_KnowledgeArticle.255,2,2017-03-12,2017-03-17,2017-03-19
256,W_KnowledgeArticle.256,1,2016-07-01,2016-07-08,2016-07-17
257,W_KnowledgeArticle.257,4,2016-12-19,2016-12-29,2017-01-08
258,W_KnowledgeArticle.258,3,2017-01-22,2017-01-24,2017-02-02
259,W_KnowledgeArticle.259,5,2016-06-02,2016-06-05,2016-06-09
260,W_KnowledgeArticle.260,4,2016-12-27,2017-01-01,2017-01-09
261,W_KnowledgeArticle.261,2,2016-11-10,2016-11-11,2016-11-18
262,W_KnowledgeArticle.262,1,2016-05-29,2016-05-31,2016-06-05
263,W_KnowledgeArticle.263,4,2016-08-24,2016-08-25,2016-08-27
264,W_KnowledgeArticle.264,5,2017-02-11,2017-02-19,2017-02-25
265,W_KnowledgeArticle.265,3,2016-09-14,2016-09-24,2016-10-03
266,W_KnowledgeArticle.266,2,2017-02-03,2017-02-04,2017-02-05
267,W_KnowledgeArticle.267,3,2017-01-26,2017-01-28,2017-01-31
268,W_KnowledgeArticle.268,4,2017-02-17,2017-02-19,2017-02-24
269,W_KnowledgeArticle.269,2,2016-12-09,2016-12-14,2016-12-20
270,W_KnowledgeArticle.270,3,2017-02-16,2017-02-25,2017-03-06
271,W_KnowledgeArticle.271,1,2017-01-09,2017-01-15,2017-01-20
272,W_KnowledgeArticle.272,2,2017-01-04,2017-01-07,2017-01-16
273,W_KnowledgeArticle.273,5,2016-12-13,2016-12-19,2016-12-22
274,W_KnowledgeArticle.274,1,2017-03-09,2017-03-12,2017-03-15
275,W_KnowledgeArticle.275,3,2016-07-19,2016-07-23,2016-07-25
276,W_KnowledgeArticle.276,1,2016-10-21,2016-10-27,2016-11-05
277,W_KnowledgeArticle.277,1,2017-01-25,2017-02-04,2017-02-08
278,W_KnowledgeArticle.278,1,2016-08-30,2016-09-04,2016-09-13
279,W_KnowledgeArticle.279,3,2017-01-16,2017-01-21,2017-01-28
280,W_KnowledgeArticle.280,5,2017-01-20,2017-01-22,2017-01-27
281,W_KnowledgeArticle.281,4,2016-12-24,2016-12-28,2017-01-05
282,W_KnowledgeArticle.282,4,2016-04-20,2016-04-27,2016-05-07
283,W_KnowledgeArticle.283,2,2016-12-19,2016-12-27,2017-01-02
284,W_KnowledgeArticle.284,3,2016-05-31,2016-06-08,2016-06-13
285,W_KnowledgeArticle.285,2,2016-06-08,2016-06-13,2016-06-21
286,W_KnowledgeArticle.286,1,2016-11-20,2016-11-29,2016-12-07
287,W_KnowledgeArticle.287,2,2016-08-29,2016-09-05,2016-09-09
288,W_KnowledgeArticle.288,5,2016-07-11,2016-07-21,2016-07-30
289,W_KnowledgeArticle.289,2,2016-04-25,2016-05-03,2016-05-04
290,W_KnowledgeArticle.290,4,2016-05-09,2016-05-13,2016-05-16
291,W_KnowledgeArticle.291,1,2016-06-20,2016-06-24,2016-06-28
292,W_KnowledgeArticle.292,5,2016-06-20,2016-06-25,2016-06-28
293,W_KnowledgeArticle.293,2,2016-07-14,2016-07-22,2016-07-26
294,W_KnowledgeArticle.294,5,2017-01-27,2017-02-02,2017-02-04
295,W_KnowledgeArticle.295,1,2017-02-11,2017-02-16,2017-02-23
296,W_KnowledgeArticle.296,4,2017-03-09,2017-03-18,2017-03-28
297,W_KnowledgeArticle.297,1,2016-05-04,2016-05-08,2016-05-16
298,W_KnowledgeArticle.298,3,2017-01-06,2017-01-14,2017-01-21
299,W_KnowledgeArticle.299,4,2016-10-01,2016-10-03,2016-10-04
300,W_KnowledgeArticle.300,4,2017-02-12,2017-02-14,2017-02-19
301,W_KnowledgeArticle.301,2,2016-06-17,2016-06-22,2016-06-24
302,W_KnowledgeArticle.302,2,2016-05-07,2016-05-08,2016-05-12
303,W_KnowledgeArticle.303,2,2017-03-10,2017-03-17,2017-03-20
304,W_KnowledgeArticle.304,3,2016-10-26,2016-10-27,2016-10-30
305,W_KnowledgeArticle.305,5,2016-04-20,2016-04-29,2016-05-06
306,W_KnowledgeArticle.306,4,2017-01-15,2017-01-20,2017-01-29
307,W_KnowledgeArticle.307,1,2016-06-21,2016-07-01,2016-07-06
308,W_KnowledgeArticle.308,4,2016-10-19,2016-10-20,2016-10-22
309,W_KnowledgeArticle.309,4,2017-02-18,2017-02-20,2017-02-27
310,W_KnowledgeArticle.310,2,2016-08-09,2016-08-17,2016-08-25
311,W_KnowledgeArticle.311,5,2016-09-21,2016-09-26,2016-10-06
312,W_KnowledgeArticle.312,4,2016-09-14,2016-09-17,2016-09-25
313,W_KnowledgeArticle.313,2,2016-09-24,2016-10-04,2016-10-07
314,W_KnowledgeArticle.314,2,2016-12-22,2016-12-25,2017-01-01
315,W_KnowledgeArticle.315,4,2016-10-26,2016-10-28,2016-11-06
316,W_KnowledgeArticle.316,3,2017-03-04,2017-03-12,2017-03-14
317,W_KnowledgeArticle.317,2,2016-09-27,2016-10-02,2016-10-09
318,W_KnowledgeArticle.318,3,2016-12-04,2016-12-12,2016-12-14
319,W_KnowledgeArticle.319,2,2016-06-13,2016-06-19,2016-06-28
320,W_KnowledgeArticle.320,1,2016-04-29,2016-05-04,2016-05-14
321,W_KnowledgeArticle.321,2,2017-03-09,2017-03-14,2017-03-24
322,W_KnowledgeArticle.322,4,2016-07-14,2016-07-17,2016-07-23
323,W_KnowledgeArticle.323,1,2017-01-22,2017-01-30,2017-02-06
324,W_KnowledgeArticle.324,1,2016-10-18,2016-10-19,2016-10-21
325,W_KnowledgeArticle.325,4,2017-03-18,2017-03-21,2017-03-22
326,W_KnowledgeArticle.326,1,2016-07-31,2016-08-02,2016-08-05
327,W_KnowledgeArticle.327,3,2017-01-02,2017-01-10,2017-01-19
328,W_KnowledgeArticle.328,4,2016-08-30,2016-09-05,2016-09-07
329,W_KnowledgeArticle.329,5,2016-06-24,2016-06-29,2016-07-01
330,W_KnowledgeArticle.330,2,2017-01-28,2017-02-04,2017-02-07
331,W_KnowledgeArticle.331,3,2016-11-10,2016-11-16,2016-11-22
332,W_KnowledgeArticle.332,2,2017-01-15,2017-01-19,2017-01-25
333,W_KnowledgeArticle.333,1,2016-09-22,2016-09-23,2016-09-30
334,W_KnowledgeArticle.334,5,2016-12-02,2016-12-05,2016-12-10
335,W_KnowledgeArticle.335,4,2017-03-25,2017-04-02,2017-04-06
336,W_KnowledgeArticle.336,5,2017-04-02,2017-04-05,2017-04-07
337,W_KnowledgeArticle.337,5,2016-11-24,2016-11-30,2016-12-06
338,W_KnowledgeArticle.338,4,2016-11-28,2016-12-06,2016-12-14
339,W_KnowledgeArticle.339,2,2016-08-23,2016-08-29,2016-09-02
340,W_KnowledgeArticle.340,5,2016-11-15,2016-11-24,2016-11-29
341,W_KnowledgeArticle.341,3,2016-06-10,2016-06-17,2016-06-22
342,W_KnowledgeArticle.342,3,2016-06-02,2016-06-09,2016-06-18
343,W_KnowledgeArticle.343,5,2017-02-14,2017-02-17,2017-02-24
344,W_KnowledgeArticle.344,1,2017-02-17,2017-02-23,2017-02-26
345,W_KnowledgeArticle.345,2,2017-03-31,2017-04-03,2017-04-04
346,W_KnowledgeArticle.346,4,2016-10-11,2016-10-15,2016-10-23
347,W_KnowledgeArticle.347,1,2016-11-14,2016-11-24,2016-11-26
348,W_KnowledgeArticle.348,4,2016-11-21,2016-11-28,2016-11-29
349,W_KnowledgeArticle.349,5,2016-05-11,2016-05-12,2016-05-13
350,W_KnowledgeArticle.350,5,2016-05-01,2016-05-11,2016-05-17
351,W_KnowledgeArticle.351,4,2016-07-07,2016-07-09,2016-07-12
352,W_KnowledgeArticle.352,1,2016-12-13,2016-12-17,2016-12-26
353,W_KnowledgeArticle.353,5,2017-01-25,2017-02-04,2017-02-13
354,W_KnowledgeArticle.354,4,2016-11-15,2016-11-23,2016-12-02
355,W_KnowledgeArticle.355,1,2016-07-11,2016-07-20,2016-07-25
356,W_KnowledgeArticle.356,5,2016-09-16,2016-09-21,2016-09-22
357,W_KnowledgeArticle.357,2,2016-05-24,2016-05-28,2016-06-05
358,W_KnowledgeArticle.358,3,2016-07-13,2016-07-15,2016-07-21
359,W_KnowledgeArticle.359,5,2017-01-09,2017-01-10,2017-01-12
360,W_KnowledgeArticle.360,5,2017-02-17,2017-02-27,2017-03-02
361,W_KnowledgeArticle.361,5,2017-01-26,2017-02-01,2017-02-11
362,W_KnowledgeArticle.362,3,2016-06-16,2016-06-18,2016-06-20
363,W_KnowledgeArticle.363,2,2016-10-10,2016-10-11,2016-10-21
364,W_KnowledgeArticle.364,5,2016-06-09,2016-06-18,2016-06-26
365,W_KnowledgeArticle.365,1,2016-09-15,2016-09-16,2016-09-25
366,W_KnowledgeArticle.366,1,2016-09-13,2016-09-23,2016-09-29
367,W_KnowledgeArticle.367,1,2016-07-01,2016-07-04,2016-07-07
368,W_KnowledgeArticle.368,2,2017-04-09,2017-04-13,2017-04-16
369,W_KnowledgeArticle.369,5,2016-07-05,2016-07-12,2016-07-18
370,W_KnowledgeArticle.370,5,2017-04-03,2017-04-08,2017-04-13
371,W_KnowledgeArticle.371,5,2016-11-06,2016-11-16,2016-11-18
372,W_KnowledgeArticle.372,3,2016-06-04,2016-06-07,2016-06-08
373,W_KnowledgeArticle.373,5,2017-02-15,2017-02-22,2017-02-27
374,W_KnowledgeArticle.374,5,2016-11-11,2016-11-19,2016-11-25
375,W_KnowledgeArticle.375,2,2016-12-21,2016-12-30,2017-01-05
376,W_KnowledgeArticle.376,2,2016-07-24,2016-08-03,2016-08-10
377,W_KnowledgeArticle.377,2,2016-10-29,2016-11-03,2016-11-12
378,W_KnowledgeArticle.378,2,2016-05-23,2016-05-29,2016-06-06
379,W_KnowledgeArticle.379,3,2016-09-08,2016-09-09,2016-09-19
380,W_KnowledgeArticle.380,3,2016-04-16,2016-04-19,2016-04-23
381,W_KnowledgeArticle.381,1,2017-01-30,2017-02-03,2017-02-08
382,W_KnowledgeArticle.382,2,2016-09-02,2016-09-07,2016-09-12
383,W_KnowledgeArticle.383,4,2016-04-22,2016-04-27,2016-05-03
384,W_KnowledgeArticle.384,5,2017-01-03,2017-01-13,2017-01-16
385,W_KnowledgeArticle.385,5,2016-07-17,2016-07-18,2016-07-27
386,W_KnowledgeArticle.386,4,2016-10-04,2016-10-12,2016-10-13
387,W_KnowledgeArticle.387,3,2017-01-11,2017-01-12,2017-01-15
388,W_KnowledgeArticle.388,1,2016-05-20,2016-05-29,2016-06-05
389,W_KnowledgeArticle.389,4,2016-09-10,2016-09-17,2016-09-18
390,W_KnowledgeArticle.390,5,2016-05-04,2016-05-14,2016-05-18
391,W_KnowledgeArticle.391,1,2016-11-01,2016-11-04,2016-11-08
392,W_KnowledgeArticle.392,2,2016-11-09,2016-11-18,2016-11-27
393,W_KnowledgeArticle.393,1,2017-01-07,2017-01-17,2017-01-18
394,W_KnowledgeArticle.394,5,2017-03-19,2017-03-26,2017-03-30
395,W_KnowledgeArticle.395,1,2016-11-02,2016-11-10,2016-11-11
396,W_KnowledgeArticle.396,2,2016-06-12,2016-06-16,2016-06-18
397,W_KnowledgeArticle.397,5,2016-11-26,2016-12-02,2016-12-10
398,W_KnowledgeArticle.398,1,2016-05-14,2016-05-19,2016-05-27
399,W_KnowledgeArticle.399,5,2017-03-12,2017-03-18,2017-03-23
400,W_KnowledgeArticle.400,4,2016-07-05,2016-07-14,2016-07-17
401,W_KnowledgeArticle.401,4,2016-10-23,2016-10-31,2016-11-10
402,W_KnowledgeArticle.402,2,2016-10-10,2016-10-17,2016-10-22
403,W_KnowledgeArticle.403,5,2016-04-15,2016-04-23,2016-04-26
404,W_KnowledgeArticle.404,4,2016-07-08,2016-07-12,2016-07-17
405,W_KnowledgeArticle.405,2,2016-07-30,2016-08-08,2016-08-12
406,W_KnowledgeArticle.406,3,2016-10-16,2016-10-23,2016-10-28
407,W_KnowledgeArticle.407,3,2017-02-11,2017-02-16,2017-02-21
408,W_KnowledgeArticle.408,4,2016-07-20,2016-07-27,2016-07-31
409,W_KnowledgeArticle.409,5,2017-02-13,2017-02-23,2017-03-03
410,W_KnowledgeArticle.410,5,2017-02-25,2017-03-04,2017-03-05
411,W_KnowledgeArticle.411,1,2016-04-23,2016-04-25,2016-04-26
412,W_KnowledgeArticle.412,1,2016-06-26,2016-06-27,2016-07-05
413,W_KnowledgeArticle.413,1,2017-02-19,2017-02-23,2017-03-04
414,W_KnowledgeArticle.414,1,2016-08-04,2016-08-05,2016-08-06
415,W_KnowledgeArticle.415,4,2017-03-08,2017-03-16,2017-03-20
416,W_KnowledgeArticle.416,5,2016-11-15,2016-11-16,2016-11-25
417,W_KnowledgeArticle.417,3,2017-02-23,2017-02-28,2017-03-04
418,W_KnowledgeArticle.418,2,2016-05-24,2016-05-27,2016-06-03
419,W_KnowledgeArticle.419,5,2016-08-09,2016-08-18,2016-08-20
420,W_KnowledgeArticle.420,2,2016-09-15,2016-09-25,2016-10-04
421,W_KnowledgeArticle.421,4,2016-12-28,2017-01-01,2017-01-02
422,W_KnowledgeArticle.422,1,2017-01-01,2017-01-05,2017-01-15
423,W_KnowledgeArticle.423,2,2016-11-23,2016-12-02,2016-12-12
424,W_KnowledgeArticle.424,1,2016-12-17,2016-12-21,2016-12-31
425,W_KnowledgeArticle.425,1,2016-08-08,2016-08-11,2016-08-12
426,W_KnowledgeArticle.426,1,2016-12-03,2016-12-12,2016-12-22
427,W_KnowledgeArticle.427,2,2016-05-29,2016-06-04,2016-06-09
428,W_KnowledgeArticle.428,1,2016-11-19,2016-11-22,2016-11-29
429,W_KnowledgeArticle.429,5,2016-10-28,2016-11-05,2016-11-13
430,W_KnowledgeArticle.430,1,2016-07-26,2016-07-30,2016-08-07
431,W_KnowledgeArticle.431,1,2016-11-24,2016-12-03,2016-12-05
432,W_KnowledgeArticle.432,5,2016-09-18,2016-09-23,2016-09-24
433,W_KnowledgeArticle.433,4,2016-08-13,2016-08-16,2016-08-21
434,W_KnowledgeArticle.434,1,2016-12-01,2016-12-03,2016-12-08
435,W_KnowledgeArticle.435,2,2016-10-15,2016-10-19,2016-10-23
436,W_KnowledgeArticle.436,4,2016-10-17,2016-10-25,2016-10-28
437,W_KnowledgeArticle.437,3,2016-11-14,2016-11-24,2016-11-30
438,W_KnowledgeArticle.438,1,2017-02-05,2017-02-09,2017-02-10
439,W_KnowledgeArticle.439,4,2016-06-03,2016-06-12,2016-06-14
440,W_KnowledgeArticle.440,2,2016-06-30,2016-07-06,2016-07-09
441,W_KnowledgeArticle.441,3,2016-05-04,2016-05-11,2016-05-19
442,W_KnowledgeArticle.442,5,2016-06-09,2016-06-14,2016-06-18
443,W_KnowledgeArticle.443,2,2016-11-12,2016-11-20,2016-11-25
444,W_KnowledgeArticle.444,4,2017-03-27,2017-04-02,2017-04-09
445,W_KnowledgeArticle.445,3,2016-05-14,2016-05-16,2016-05-18
446,W_KnowledgeArticle.446,3,2016-05-26,2016-05-31,2016-06-08
447,W_KnowledgeArticle.447,1,2016-12-11,2016-12-14,2016-12-23
448,W_KnowledgeArticle.448,1,2016-04-19,2016-04-23,2016-05-02
449,W_KnowledgeArticle.449,5,2017-01-30,2017-02-06,2017-02-16
450,W_KnowledgeArticle.450,1,2016-08-06,2016-08-09,2016-08-14
451,W_KnowledgeArticle.451,1,2016-12-09,2016-12-17,2016-12-21
452,W_KnowledgeArticle.452,3,2017-03-20,2017-03-24,2017-03-30
453,W_KnowledgeArticle.453,5,2016-04-28,2016-05-02,2016-05-09
454,W_KnowledgeArticle.454,1,2016-04-19,2016-04-29,2016-05-07
455,W_KnowledgeArticle.455,1,2016-04-30,2016-05-06,2016-05-14
456,W_KnowledgeArticle.456,5,2016-09-02,2016-09-09,2016-09-18
457,W_KnowledgeArticle.457,5,2016-06-28,2016-06-30,2016-07-04
458,W_KnowledgeArticle.458,2,2016-07-09,2016-07-15,2016-07-23
459,W_KnowledgeArticle.459,1,2017-03-20,2017-03-24,2017-04-03
460,W_KnowledgeArticle.460,4,2016-10-24,2016-10-26,2016-10-29
461,W_KnowledgeArticle.461,3,2017-01-09,2017-01-10,2017-01-14
462,W_KnowledgeArticle.462,5,2016-10-09,2016-10-11,2016-10-18
463,W_KnowledgeArticle.463,2,2016-09-17,2016-09-20,2016-09-25
464,W_KnowledgeArticle.464,4,2016-09-13,2016-09-21,2016-09-29
465,W_KnowledgeArticle.465,5,2016-05-19,2016-05-20,2016-05-29
466,W_KnowledgeArticle.466,5,2016-07-08,2016-07-15,2016-07-19
467,W_KnowledgeArticle.467,2,2017-01-13,2017-01-22,2017-01-30
468,W_KnowledgeArticle.468,4,2017-03-21,2017-03-28,2017-04-02
469,W_KnowledgeArticle.469,1,2016-09-23,2016-10-01,2016-10-04
470,W_KnowledgeArticle.470,4,2016-11-14,2016-11-17,2016-11-21
471,W_KnowledgeArticle.471,2,2017-01-25,2017-02-04,2017-02-06
472,W_KnowledgeArticle.472,5,2017-04-02,2017-04-03,2017-04-09
473,W_KnowledgeArticle.473,3,2016-06-21,2016-06-27,2016-07-01
474,W_KnowledgeArticle.474,3,2017-02-17,2017-02-27,2017-03-01
475,W_KnowledgeArticle.475,3,2016-09-29,2016-10-03,2016-10-07
476,W_KnowledgeArticle.476,2,2016-09-30,2016-10-09,2016-10-11
477,W_KnowledgeArticle.477,2,2017-01-09,2017-01-14,2017-01-17
478,W_KnowledgeArticle.478,1,2016-05-24,2016-06-02,2016-06-05
479,W_KnowledgeArticle.479,5,2016-05-15,2016-05-18,2016-05-19
480,W_KnowledgeArticle.480,1,2016-04-14,2016-04-20,2016-04-24
481,W_KnowledgeArticle.481,1,2016-07-01,2016-07-04,2016-07-13
482,W_KnowledgeArticle.482,2,2017-03-13,2017-03-21,2017-03-27
483,W_KnowledgeArticle.483,1,2016-10-12,2016-10-13,2016-10-14
484,W_KnowledgeArticle.484,1,2017-03-15,2017-03-25,2017-04-01
485,W_KnowledgeArticle.485,2,2016-10-11,2016-10-16,2016-10-18
486,W_KnowledgeArticle.486,2,2016-11-28,2016-11-30,2016-12-01
487,W_KnowledgeArticle.487,4,2016-06-25,2016-07-01,2016-07-03
488,W_KnowledgeArticle.488,3,2016-04-19,2016-04-28,2016-05-01
489,W_KnowledgeArticle.489,3,2016-08-22,2016-08-27,2016-08-29
490,W_KnowledgeArticle.490,2,2016-06-21,2016-06-27,2016-06-29
491,W_KnowledgeArticle.491,2,2017-01-29,2017-01-30,2017-02-03
492,W_KnowledgeArticle.492,3,2016-11-18,2016-11-22,2016-11-24
493,W_KnowledgeArticle.493,1,2016-11-03,2016-11-07,2016-11-08
494,W_KnowledgeArticle.494,1,2016-12-26,2016-12-29,2017-01-02
495,W_KnowledgeArticle.495,3,2016-09-11,2016-09-14,2016-09-20
496,W_KnowledgeArticle.496,4,2016-05-19,2016-05-23,2016-05-25
497,W_KnowledgeArticle.497,5,2016-12-14,2016-12-24,2016-12-26
498,W_KnowledgeArticle.498,2,2016-08-06,2016-08-10,2016-08-19
499,W_KnowledgeArticle.499,2,2016-10-16,2016-10-23,2016-11-01
500,W_KnowledgeArticle.500,1,2016-10-18,2016-10-22,2016-10-27
501,W_KnowledgeArticle.501,4,2016-05-23,2016-05-27,2016-06-04
502,W_KnowledgeArticle.502,2,2016-12-05,2016-12-12,2016-12-20
503,W_KnowledgeArticle.503,3,2016-10-11,2016-10-21,2016-10-26
504,W_KnowledgeArticle.504,3,2017-04-03,2017-04-07,2017-04-14
505,W_KnowledgeArticle.505,3,2016-09-26,2016-10-01,2016-10-09
506,W_KnowledgeArticle.506,5,2016-10-12,2016-10-22,2016-10-31
507,W_KnowledgeArticle.507,4,2016-12-10,2016-12-20,2016-12-30
508,W_KnowledgeArticle.508,3,2017-02-03,2017-02-11,2017-02-17
509,W_KnowledgeArticle.509,3,2017-03-06,2017-03-12,2017-03-21
510,W_KnowledgeArticle.510,4,2016-06-14,2016-06-22,2016-06-27
511,W_KnowledgeArticle.511,3,2016-12-09,2016-12-18,2016-12-20
512,W_KnowledgeArticle.512,4,2017-04-05,2017-04-06,2017-04-07
513,W_KnowledgeArticle.513,5,2017-03-29,2017-04-04,2017-04-10
514,W_KnowledgeArticle.514,2,2017-04-04,2017-04-10,2017-04-17
515,W_KnowledgeArticle.515,1,2016-08-07,2016-08-08,2016-08-17
516,W_KnowledgeArticle.516,2,2017-04-04,2017-04-06,2017-04-14
517,W_KnowledgeArticle.517,5,2016-10-22,2016-10-25,2016-10-30
518,W_KnowledgeArticle.518,4,2016-10-06,2016-10-13,2016-10-21
519,W_KnowledgeArticle.519,2,2017-01-10,2017-01-15,2017-01-22
520,W_KnowledgeArticle.520,4,2016-11-22,2016-11-27,2016-12-02
521,W_KnowledgeArticle.521,4,2017-03-26,2017-03-29,2017-03-30
522,W_KnowledgeArticle.522,5,2017-01-21,2017-01-30,2017-02-02
523,W_KnowledgeArticle.523,4,2016-11-18,2016-11-21,2016-11-22
524,W_KnowledgeArticle.524,1,2016-11-25,2016-12-05,2016-12-12
525,W_KnowledgeArticle.525,2,2017-01-11,2017-01-13,2017-01-23
526,W_KnowledgeArticle.526,4,2016-10-10,2016-10-13,2016-10-23
527,W_KnowledgeArticle.527,4,2016-11-23,2016-11-26,2016-12-03
528,W_KnowledgeArticle.528,5,2016-09-14,2016-09-24,2016-09-25
529,W_KnowledgeArticle.529,5,2017-03-27,2017-03-30,2017-04-02
530,W_KnowledgeArticle.530,3,2016-12-19,2016-12-21,2016-12-27
531,W_KnowledgeArticle.531,2,2017-02-14,2017-02-20,2017-02-27
532,W_KnowledgeArticle.532,5,2017-01-23,2017-01-26,2017-01-31
533,W_KnowledgeArticle.533,4,2016-07-24,2016-07-31,2016-08-02
534,W_KnowledgeArticle.534,3,2017-01-24,2017-02-03,2017-02-06
535,W_KnowledgeArticle.535,1,2016-09-15,2016-09-25,2016-09-28
536,W_KnowledgeArticle.536,2,2017-02-03,2017-02-05,2017-02-13
537,W_KnowledgeArticle.537,1,2016-04-29,2016-05-03,2016-05-12
538,W_KnowledgeArticle.538,1,2016-09-20,2016-09-24,2016-10-04
539,W_KnowledgeArticle.539,1,2016-08-26,2016-09-01,2016-09-04
540,W_KnowledgeArticle.540,4,2016-12-19,2016-12-23,2016-12-26
541,W_KnowledgeArticle.541,3,2016-05-15,2016-05-20,2016-05-25
542,W_KnowledgeArticle.542,5,2016-09-20,2016-09-22,2016-09-26
543,W_KnowledgeArticle.543,3,2017-02-24,2017-02-26,2017-03-04
544,W_KnowledgeArticle.544,4,2016-07-19,2016-07-28,2016-08-07
545,W_KnowledgeArticle.545,4,2016-12-21,2016-12-30,2017-01-07
546,W_KnowledgeArticle.546,1,2016-06-26,2016-06-30,2016-07-07
547,W_KnowledgeArticle.547,3,2017-02-07,2017-02-11,2017-02-13
548,W_KnowledgeArticle.548,5,2016-11-16,2016-11-18,2016-11-21
549,W_KnowledgeArticle.549,2,2017-02-09,2017-02-18,2017-02-26
550,W_KnowledgeArticle.550,1,2016-11-19,2016-11-22,2016-12-01
551,W_KnowledgeArticle.551,4,2016-12-20,2016-12-26,2017-01-04
552,W_KnowledgeArticle.552,5,2016-12-29,2016-12-30,2017-01-04
553,W_KnowledgeArticle.553,5,2017-02-21,2017-03-02,2017-03-04
554,W_KnowledgeArticle.554,3,2016-12-29,2017-01-02,2017-01-10
555,W_KnowledgeArticle.555,1,2017-03-02,2017-03-09,2017-03-16
556,W_KnowledgeArticle.556,2,2017-03-28,2017-03-29,2017-04-01
557,W_KnowledgeArticle.557,4,2016-07-02,2016-07-03,2016-07-08
558,W_KnowledgeArticle.558,5,2017-04-01,2017-04-05,2017-04-10
559,W_KnowledgeArticle.559,4,2016-10-23,2016-10-26,2016-10-27
560,W_KnowledgeArticle.560,4,2016-04-27,2016-05-04,2016-05-11
561,W_KnowledgeArticle.561,2,2016-05-06,2016-05-07,2016-05-17
562,W_KnowledgeArticle.562,1,2016-10-10,2016-10-14,2016-10-24
563,W_KnowledgeArticle.563,1,2016-07-18,2016-07-22,2016-07-26
564,W_KnowledgeArticle.564,1,2016-07-13,2016-07-22,2016-07-27
565,W_KnowledgeArticle.565,2,2016-06-19,2016-06-29,2016-07-07
566,W_KnowledgeArticle.566,2,2016-11-09,2016-11-18,2016-11-21
567,W_KnowledgeArticle.567,2,2016-10-14,2016-10-18,2016-10-26
568,W_KnowledgeArticle.568,5,2017-02-23,2017-02-28,2017-03-09
569,W_KnowledgeArticle.569,4,2017-01-29,2017-02-07,2017-02-16
570,W_KnowledgeArticle.570,3,2016-10-18,2016-10-24,2016-11-03
571,W_KnowledgeArticle.571,1,2017-01-04,2017-01-09,2017-01-19
572,W_KnowledgeArticle.572,5,2016-12-15,2016-12-21,2016-12-24
573,W_KnowledgeArticle.573,1,2016-12-11,2016-12-18,2016-12-19
574,W_KnowledgeArticle.574,4,2017-02-28,2017-03-08,2017-03-17
575,W_KnowledgeArticle.575,3,2016-08-04,2016-08-07,2016-08-13
576,W_KnowledgeArticle.576,4,2016-10-21,2016-10-27,2016-11-05
577,W_KnowledgeArticle.577,5,2016-04-13,2016-04-20,2016-04-29
578,W_KnowledgeArticle.578,5,2016-08-26,2016-09-01,2016-09-02
579,W_KnowledgeArticle.579,2,2016-07-14,2016-07-24,2016-07-30
580,W_KnowledgeArticle.580,3,2016-06-06,2016-06-15,2016-06-20
581,W_KnowledgeArticle.581,1,2017-01-08,2017-01-13,2017-01-18
582,W_KnowledgeArticle.582,5,2016-12-08,2016-12-17,2016-12-19
583,W_KnowledgeArticle.583,3,2017-01-31,2017-02-01,2017-02-08
584,W_KnowledgeArticle.584,5,2016-12-29,2017-01-02,2017-01-03
585,W_KnowledgeArticle.585,1,2016-12-22,2016-12-27,2017-01-05
586,W_KnowledgeArticle.586,4,2017-02-24,2017-03-05,2017-03-14
587,W_KnowledgeArticle.587,3,2016-04-19,2016-04-29,2016-05-05
588,W_KnowledgeArticle.588,5,2016-05-03,2016-05-04,2016-05-10
589,W_KnowledgeArticle.589,4,2016-12-03,2016-12-07,2016-12-10
590,W_KnowledgeArticle.590,1,2017-02-25,2017-02-28,2017-03-03
591,W_KnowledgeArticle.591,3,2017-02-19,2017-02-23,2017-03-05
592,W_KnowledgeArticle.592,5,2016-09-29,2016-10-08,2016-10-10
593,W_KnowledgeArticle.593,4,2016-12-19,2016-12-28,2017-01-05
594,W_KnowledgeArticle.594,1,2016-10-29,2016-11-07,2016-11-13
595,W_KnowledgeArticle.595,2,2016-07-08,2016-07-11,2016-07-19
596,W_KnowledgeArticle.596,1,2016-12-28,2017-01-07,2017-01-15
597,W_KnowledgeArticle.597,1,2016-07-28,2016-08-03,2016-08-11
598,W_KnowledgeArticle.598,5,2016-06-13,2016-06-17,2016-06-25
599,W_KnowledgeArticle.599,5,2016-12-17,2016-12-22,2016-12-27
600,W_KnowledgeArticle.600,1,2017-02-24,2017-03-01,2017-03-11
601,W_KnowledgeArticle.601,3,2017-03-12,2017-03-19,2017-03-22
602,W_KnowledgeArticle.602,2,2016-04-16,2016-04-18,2016-04-25
603,W_KnowledgeArticle.603,3,2016-09-06,2016-09-08,2016-09-11
604,W_KnowledgeArticle.604,1,2016-04-14,2016-04-21,2016-04-27
605,W_KnowledgeArticle.605,3,2016-08-10,2016-08-16,2016-08-24
606,W_KnowledgeArticle.606,2,2017-04-10,2017-04-11,2017-04-16
607,W_KnowledgeArticle.607,5,2016-11-06,2016-11-14,2016-11-22
608,W_KnowledgeArticle.608,2,2016-10-31,2016-11-06,2016-11-11
609,W_KnowledgeArticle.609,2,2017-04-06,2017-04-07,2017-04-08
610,W_KnowledgeArticle.610,2,2016-08-12,2016-08-14,2016-08-16
611,W_KnowledgeArticle.611,4,2017-04-04,2017-04-10,2017-04-20
612,W_KnowledgeArticle.612,1,2017-02-15,2017-02-16,2017-02-26
613,W_KnowledgeArticle.613,2,2016-08-12,2016-08-17,2016-08-27
614,W_KnowledgeArticle.614,3,2017-04-11,2017-04-13,2017-04-17
615,W_KnowledgeArticle.615,1,2017-02-25,2017-03-01,2017-03-03
616,W_KnowledgeArticle.616,2,2017-03-21,2017-03-31,2017-04-05
617,W_KnowledgeArticle.617,5,2017-03-04,2017-03-12,2017-03-17
618,W_KnowledgeArticle.618,2,2016-05-11,2016-05-17,2016-05-23
619,W_KnowledgeArticle.619,4,2017-01-28,2017-01-31,2017-02-07
620,W_KnowledgeArticle.620,2,2017-01-27,2017-01-29,2017-02-07
621,W_KnowledgeArticle.621,4,2016-10-11,2016-10-21,2016-10-26
622,W_KnowledgeArticle.622,5,2017-03-26,2017-03-27,2017-03-30
623,W_KnowledgeArticle.623,2,2016-06-30,2016-07-08,2016-07-14
624,W_KnowledgeArticle.624,3,2017-01-17,2017-01-25,2017-02-02
625,W_KnowledgeArticle.625,2,2016-05-30,2016-06-09,2016-06-12
626,W_KnowledgeArticle.626,5,2016-06-07,2016-06-14,2016-06-23
627,W_KnowledgeArticle.627,3,2016-05-26,2016-06-01,2016-06-07
628,W_KnowledgeArticle.628,1,2017-01-08,2017-01-15,2017-01-20
629,W_KnowledgeArticle.629,1,2016-12-13,2016-12-18,2016-12-28
630,W_KnowledgeArticle.630,3,2016-08-03,2016-08-12,2016-08-18
631,W_KnowledgeArticle.631,3,2016-07-16,2016-07-21,2016-07-28
632,W_KnowledgeArticle.632,4,2017-01-08,2017-01-12,2017-01-22
633,W_KnowledgeArticle.633,3,2016-04-12,2016-04-15,2016-04-22
634,W_KnowledgeArticle.634,4,2017-02-18,2017-02-25,2017-03-04
635,W_KnowledgeArticle.635,2,2017-03-07,2017-03-14,2017-03-23
636,W_KnowledgeArticle.636,3,2017-04-09,2017-04-13,2017-04-21
637,W_KnowledgeArticle.637,2,2016-09-28,2016-10-04,2016-10-14
638,W_KnowledgeArticle.638,4,2016-09-08,2016-09-09,2016-09-14
639,W_KnowledgeArticle.639,4,2017-03-28,2017-03-29,2017-04-02
640,W_KnowledgeArticle.640,1,2016-08-02,2016-08-12,2016-08-21
641,W_KnowledgeArticle.641,1,2016-09-08,2016-09-15,2016-09-22
642,W_KnowledgeArticle.642,2,2017-03-31,2017-04-08,2017-04-13
643,W_KnowledgeArticle.643,1,2016-09-23,2016-09-26,2016-10-03
644,W_KnowledgeArticle.644,4,2017-02-15,2017-02-20,2017-02-21
645,W_KnowledgeArticle.645,1,2017-03-20,2017-03-29,2017-04-04
646,W_KnowledgeArticle.646,4,2016-11-29,2016-12-01,2016-12-03
647,W_KnowledgeArticle.647,3,2017-03-07,2017-03-08,2017-03-18
648,W_KnowledgeArticle.648,2,2016-09-20,2016-09-21,2016-09-26
649,W_KnowledgeArticle.649,3,2017-01-15,2017-01-21,2017-01-25
650,W_KnowledgeArticle.650,3,2016-11-20,2016-11-24,2016-12-04
651,W_KnowledgeArticle.651,4,2017-03-27,2017-04-01,2017-04-10
652,W_KnowledgeArticle.652,3,2017-01-29,2017-02-05,2017-02-12
653,W_KnowledgeArticle.653,1,2016-06-07,2016-06-11,2016-06-12
654,W_KnowledgeArticle.654,4,2016-06-18,2016-06-24,2016-07-04
655,W_KnowledgeArticle.655,2,2016-06-14,2016-06-15,2016-06-25
656,W_KnowledgeArticle.656,3,2016-06-29,2016-06-30,2016-07-01
657,W_KnowledgeArticle.657,4,2017-04-10,2017-04-20,2017-04-23
658,W_KnowledgeArticle.658,2,2016-09-06,2016-09-16,2016-09-24
659,W_KnowledgeArticle.659,5,2016-06-07,2016-06-16,2016-06-21
660,W_KnowledgeArticle.660,4,2016-07-18,2016-07-19,2016-07-26
661,W_KnowledgeArticle.661,2,2016-10-13,2016-10-23,2016-10-30
662,W_KnowledgeArticle.662,5,2016-05-16,2016-05-21,2016-05-26
663,W_KnowledgeArticle.663,2,2016-12-27,2017-01-01,2017-01-05
664,W_KnowledgeArticle.664,1,2016-12-19,2016-12-26,2016-12-27
665,W_KnowledgeArticle.665,4,2017-02-15,2017-02-21,2017-02-23
666,W_KnowledgeArticle.666,3,2016-08-25,2016-08-27,2016-09-04
667,W_KnowledgeArticle.667,2,2017-03-18,2017-03-26,2017-03-27
668,W_KnowledgeArticle.668,1,2017-02-14,2017-02-19,2017-02-28
669,W_KnowledgeArticle.669,1,2017-01-24,2017-01-27,2017-01-30
670,W_KnowledgeArticle.670,5,2016-07-08,2016-07-10,2016-07-12
671,W_KnowledgeArticle.671,4,2016-06-26,2016-07-02,2016-07-05
672,W_KnowledgeArticle.672,2,2016-05-20,2016-05-26,2016-05-31
673,W_KnowledgeArticle.673,4,2016-09-18,2016-09-20,2016-09-26
674,W_KnowledgeArticle.674,5,2016-08-29,2016-09-08,2016-09-13
675,W_KnowledgeArticle.675,5,2017-01-23,2017-01-24,2017-01-29
676,W_KnowledgeArticle.676,2,2016-05-19,2016-05-25,2016-05-30
677,W_KnowledgeArticle.677,4,2016-11-09,2016-11-18,2016-11-20
678,W_KnowledgeArticle.678,3,2016-09-09,2016-09-17,2016-09-22
679,W_KnowledgeArticle.679,5,2017-01-23,2017-01-27,2017-02-05
680,W_KnowledgeArticle.680,1,2016-09-05,2016-09-09,2016-09-13
681,W_KnowledgeArticle.681,1,2016-09-28,2016-09-30,2016-10-04
682,W_KnowledgeArticle.682,3,2017-03-03,2017-03-09,2017-03-19
683,W_KnowledgeArticle.683,1,2017-03-30,2017-04-05,2017-04-06
684,W_KnowledgeArticle.684,3,2016-11-13,2016-11-18,2016-11-22
685,W_KnowledgeArticle.685,2,2017-02-15,2017-02-20,2017-03-02
686,W_KnowledgeArticle.686,2,2017-01-26,2017-02-01,2017-02-11
687,W_KnowledgeArticle.687,3,2016-12-09,2016-12-18,2016-12-24
688,W_KnowledgeArticle.688,5,2016-05-20,2016-05-24,2016-06-02
689,W_KnowledgeArticle.689,3,2016-10-21,2016-10-23,2016-11-02
690,W_KnowledgeArticle.690,1,2016-05-21,2016-05-30,2016-06-07
691,W_KnowledgeArticle.691,2,2016-06-14,2016-06-19,2016-06-21
692,W_KnowledgeArticle.692,2,2017-01-27,2017-02-04,2017-02-13
693,W_KnowledgeArticle.693,3,2016-04-13,2016-04-20,2016-04-21
694,W_KnowledgeArticle.694,5,2016-04-15,2016-04-21,2016-04-28
695,W_KnowledgeArticle.695,2,2016-08-26,2016-08-30,2016-09-02
696,W_KnowledgeArticle.696,1,2017-01-20,2017-01-27,2017-01-30
697,W_KnowledgeArticle.697,4,2016-09-30,2016-10-10,2016-10-12
698,W_KnowledgeArticle.698,1,2016-11-11,2016-11-17,2016-11-19
699,W_KnowledgeArticle.699,2,2017-03-28,2017-04-05,2017-04-12
700,W_KnowledgeArticle.700,2,2016-10-11,2016-10-20,2016-10-28
701,W_KnowledgeArticle.701,2,2016-09-09,2016-09-15,2016-09-21
702,W_KnowledgeArticle.702,2,2017-01-21,2017-01-31,2017-02-05
703,W_KnowledgeArticle.703,1,2016-07-14,2016-07-15,2016-07-24
704,W_KnowledgeArticle.704,1,2016-06-07,2016-06-10,2016-06-11
705,W_KnowledgeArticle.705,3,2016-12-05,2016-12-06,2016-12-07
706,W_KnowledgeArticle.706,3,2016-05-17,2016-05-24,2016-06-03
707,W_KnowledgeArticle.707,3,2016-05-19,2016-05-28,2016-06-02
708,W_KnowledgeArticle.708,1,2016-04-26,2016-05-04,2016-05-05
709,W_KnowledgeArticle.709,3,2017-01-08,2017-01-15,2017-01-24
710,W_KnowledgeArticle.710,3,2017-03-31,2017-04-03,2017-04-04
711,W_KnowledgeArticle.711,3,2017-02-07,2017-02-17,2017-02-20
712,W_KnowledgeArticle.712,3,2016-12-09,2016-12-19,2016-12-22
713,W_KnowledgeArticle.713,4,2016-06-09,2016-06-14,2016-06-21
714,W_KnowledgeArticle.714,5,2016-11-25,2016-12-03,2016-12-06
715,W_KnowledgeArticle.715,5,2016-10-13,2016-10-23,2016-11-01
716,W_KnowledgeArticle.716,1,2017-03-18,2017-03-25,2017-03-30
717,W_KnowledgeArticle.717,3,2016-08-08,2016-08-16,2016-08-20
718,W_KnowledgeArticle.718,4,2016-10-11,2016-10-13,2016-10-23
719,W_KnowledgeArticle.719,4,2016-12-27,2016-12-29,2017-01-02
720,W_KnowledgeArticle.720,5,2016-05-19,2016-05-28,2016-06-03
721,W_KnowledgeArticle.721,5,2016-08-13,2016-08-20,2016-08-22
722,W_KnowledgeArticle.722,5,2016-06-08,2016-06-10,2016-06-16
723,W_KnowledgeArticle.723,4,2016-12-07,2016-12-12,2016-12-19
724,W_KnowledgeArticle.724,3,2016-05-18,2016-05-20,2016-05-27
725,W_KnowledgeArticle.725,1,2017-03-13,2017-03-15,2017-03-20
726,W_KnowledgeArticle.726,5,2016-12-25,2016-12-29,2017-01-02
727,W_KnowledgeArticle.727,5,2016-05-07,2016-05-12,2016-05-18
728,W_KnowledgeArticle.728,4,2017-01-14,2017-01-19,2017-01-27
729,W_KnowledgeArticle.729,1,2016-05-18,2016-05-24,2016-06-02
730,W_KnowledgeArticle.730,2,2016-07-02,2016-07-04,2016-07-13
731,W_KnowledgeArticle.731,3,2016-10-23,2016-10-25,2016-11-03
732,W_KnowledgeArticle.732,2,2016-11-20,2016-11-24,2016-12-01
733,W_KnowledgeArticle.733,5,2016-09-21,2016-09-26,2016-10-04
734,W_KnowledgeArticle.734,3,2016-06-30,2016-07-10,2016-07-13
735,W_KnowledgeArticle.735,5,2016-11-03,2016-11-08,2016-11-14
736,W_KnowledgeArticle.736,1,2016-07-07,2016-07-14,2016-07-16
737,W_KnowledgeArticle.737,5,2017-03-10,2017-03-17,2017-03-21
738,W_KnowledgeArticle.738,3,2016-10-04,2016-10-10,2016-10-18
739,W_KnowledgeArticle.739,3,2017-01-22,2017-01-31,2017-02-04
740,W_KnowledgeArticle.740,1,2017-03-01,2017-03-02,2017-03-05
741,W_KnowledgeArticle.741,2,2016-09-02,2016-09-10,2016-09-20
742,W_KnowledgeArticle.742,5,2016-06-24,2016-07-03,2016-07-07
743,W_KnowledgeArticle.743,4,2016-08-27,2016-08-31,2016-09-04
744,W_KnowledgeArticle.744,1,2016-10-06,2016-10-08,2016-10-17
745,W_KnowledgeArticle.745,4,2016-11-03,2016-11-05,2016-11-09
746,W_KnowledgeArticle.746,2,2016-12-21,2016-12-30,2017-01-05
747,W_KnowledgeArticle.747,5,2017-04-08,2017-04-12,2017-04-17
748,W_KnowledgeArticle.748,2,2017-01-04,2017-01-13,2017-01-22
749,W_KnowledgeArticle.749,5,2016-06-26,2016-06-29,2016-07-03
750,W_KnowledgeArticle.750,1,2016-05-20,2016-05-29,2016-06-04
751,W_KnowledgeArticle.751,5,2016-10-12,2016-10-17,2016-10-24
752,W_KnowledgeArticle.752,2,2017-01-27,2017-02-01,2017-02-04
753,W_KnowledgeArticle.753,1,2016-07-04,2016-07-14,2016-07-24
754,W_KnowledgeArticle.754,2,2016-08-10,2016-08-17,2016-08-23
755,W_KnowledgeArticle.755,1,2017-03-24,2017-03-31,2017-04-04
756,W_KnowledgeArticle.756,1,2016-07-09,2016-07-14,2016-07-21
757,W_KnowledgeArticle.757,1,2016-06-16,2016-06-19,2016-06-20
758,W_KnowledgeArticle.758,3,2016-09-26,2016-10-02,2016-10-07
759,W_KnowledgeArticle.759,5,2016-09-17,2016-09-27,2016-10-05
760,W_KnowledgeArticle.760,1,2016-09-02,2016-09-03,2016-09-13
761,W_KnowledgeArticle.761,3,2016-10-06,2016-10-09,2016-10-19
762,W_KnowledgeArticle.762,2,2016-08-14,2016-08-23,2016-09-02
763,W_KnowledgeArticle.763,3,2016-10-02,2016-10-07,2016-10-11
764,W_KnowledgeArticle.764,2,2016-06-24,2016-07-04,2016-07-13
765,W_KnowledgeArticle.765,3,2017-02-02,2017-02-09,2017-02-13
766,W_KnowledgeArticle.766,2,2016-09-05,2016-09-13,2016-09-18
767,W_KnowledgeArticle.767,2,2017-04-04,2017-04-05,2017-04-11
768,W_KnowledgeArticle.768,4,2016-10-26,2016-10-31,2016-11-07
769,W_KnowledgeArticle.769,5,2017-04-06,2017-04-11,2017-04-15
770,W_KnowledgeArticle.770,2,2017-01-09,2017-01-18,2017-01-26
771,W_KnowledgeArticle.771,5,2016-09-26,2016-10-03,2016-10-11
772,W_KnowledgeArticle.772,5,2016-04-19,2016-04-24,2016-04-26
773,W_KnowledgeArticle.773,3,2016-10-02,2016-10-04,2016-10-14
774,W_KnowledgeArticle.774,2,2016-09-01,2016-09-10,2016-09-14
775,W_KnowledgeArticle.775,1,2016-11-25,2016-11-28,2016-12-07
776,W_KnowledgeArticle.776,4,2016-05-26,2016-05-30,2016-06-03
777,W_KnowledgeArticle.777,4,2016-07-13,2016-07-16,2016-07-19
778,W_KnowledgeArticle.778,3,2016-11-23,2016-11-25,2016-11-29
779,W_KnowledgeArticle.779,5,2016-04-22,2016-04-25,2016-04-27
780,W_KnowledgeArticle.780,4,2016-08-25,2016-09-01,2016-09-08
781,W_KnowledgeArticle.781,3,2017-01-13,2017-01-17,2017-01-21
782,W_KnowledgeArticle.782,1,2016-07-24,2016-07-30,2016-08-05
783,W_KnowledgeArticle.783,2,2016-12-06,2016-12-13,2016-12-22
784,W_KnowledgeArticle.784,5,2016-10-06,2016-10-12,2016-10-13
785,W_KnowledgeArticle.785,1,2016-05-17,2016-05-27,2016-06-04
786,W_KnowledgeArticle.786,4,2016-08-05,2016-08-06,2016-08-14
787,W_KnowledgeArticle.787,3,2017-03-25,2017-04-01,2017-04-11
788,W_KnowledgeArticle.788,5,2016-04-30,2016-05-08,2016-05-09
789,W_KnowledgeArticle.789,2,2016-09-27,2016-10-02,2016-10-06
790,W_KnowledgeArticle.790,2,2017-01-25,2017-02-02,2017-02-07
791,W_KnowledgeArticle.791,5,2017-01-20,2017-01-24,2017-01-25
792,W_KnowledgeArticle.792,5,2016-08-19,2016-08-27,2016-08-30
793,W_KnowledgeArticle.793,2,2016-06-29,2016-07-03,2016-07-09
794,W_KnowledgeArticle.794,3,2016-05-29,2016-06-08,2016-06-18
795,W_KnowledgeArticle.795,4,2016-11-28,2016-12-05,2016-12-14
796,W_KnowledgeArticle.796,5,2016-12-27,2017-01-03,2017-01-13
797,W_KnowledgeArticle.797,4,2017-02-06,2017-02-09,2017-02-19
798,W_KnowledgeArticle.798,5,2016-10-23,2016-11-02,2016-11-10
799,W_KnowledgeArticle.799,5,2016-10-06,2016-10-15,2016-10-25
800,W_KnowledgeArticle.800,3,2016-08-31,2016-09-05,2016-09-14
801,W_KnowledgeArticle.801,4,2016-08-12,2016-08-16,2016-08-17
802,W_KnowledgeArticle.802,2,2016-08-18,2016-08-28,2016-09-01
803,W_KnowledgeArticle.803,5,2017-01-16,2017-01-17,2017-01-18
804,W_KnowledgeArticle.804,3,2016-08-28,2016-09-07,2016-09-15
805,W_KnowledgeArticle.805,4,2016-10-19,2016-10-28,2016-11-07
806,W_KnowledgeArticle.806,1,2016-07-07,2016-07-09,2016-07-11
807,W_KnowledgeArticle.807,2,2016-06-14,2016-06-15,2016-06-23
808,W_KnowledgeArticle.808,1,2016-05-21,2016-05-30,2016-06-06
809,W_KnowledgeArticle.809,1,2016-12-23,2017-01-01,2017-01-09
810,W_KnowledgeArticle.810,5,2017-03-15,2017-03-23,2017-03-31
811,W_KnowledgeArticle.811,3,2017-04-09,2017-04-14,2017-04-19
812,W_KnowledgeArticle.812,5,2017-02-10,2017-02-11,2017-02-18
813,W_KnowledgeArticle.813,3,2016-10-12,2016-10-21,2016-10-28
814,W_KnowledgeArticle.814,4,2016-08-02,2016-08-09,2016-08-14
815,W_KnowledgeArticle.815,3,2016-07-20,2016-07-23,2016-07-30
816,W_KnowledgeArticle.816,4,2016-10-08,2016-10-18,2016-10-21
817,W_KnowledgeArticle.817,4,2017-01-10,2017-01-20,2017-01-21
818,W_KnowledgeArticle.818,2,2017-03-09,2017-03-12,2017-03-19
819,W_KnowledgeArticle.819,3,2016-05-12,2016-05-19,2016-05-22
820,W_KnowledgeArticle.820,5,2016-05-29,2016-06-06,2016-06-11
821,W_KnowledgeArticle.821,3,2016-12-24,2016-12-30,2017-01-04
822,W_KnowledgeArticle.822,2,2016-06-15,2016-06-16,2016-06-21
823,W_KnowledgeArticle.823,1,2016-12-06,2016-12-08,2016-12-16
824,W_KnowledgeArticle.824,2,2017-02-12,2017-02-20,2017-02-23
825,W_KnowledgeArticle.825,5,2016-05-01,2016-05-09,2016-05-19
826,W_KnowledgeArticle.826,4,2016-09-25,2016-10-05,2016-10-06
827,W_KnowledgeArticle.827,5,2016-07-12,2016-07-15,2016-07-18
828,W_KnowledgeArticle.828,2,2016-05-07,2016-05-13,2016-05-19
829,W_KnowledgeArticle.829,4,2016-04-22,2016-04-24,2016-05-04
830,W_KnowledgeArticle.830,3,2016-12-11,2016-12-16,2016-12-20
831,W_KnowledgeArticle.831,3,2017-03-24,2017-03-25,2017-03-27
832,W_KnowledgeArticle.832,2,2017-03-17,2017-03-21,2017-03-26
833,W_KnowledgeArticle.833,3,2016-05-17,2016-05-21,2016-05-28
834,W_KnowledgeArticle.834,4,2016-04-24,2016-04-28,2016-05-05
835,W_KnowledgeArticle.835,3,2016-06-01,2016-06-08,2016-06-11
836,W_KnowledgeArticle.836,4,2016-10-10,2016-10-13,2016-10-14
837,W_KnowledgeArticle.837,3,2016-05-08,2016-05-12,2016-05-14
838,W_KnowledgeArticle.838,5,2017-01-21,2017-01-29,2017-02-04
839,W_KnowledgeArticle.839,2,2016-12-01,2016-12-04,2016-12-11
840,W_KnowledgeArticle.840,3,2016-05-21,2016-05-28,2016-06-06
841,W_KnowledgeArticle.841,5,2016-10-14,2016-10-18,2016-10-24
842,W_KnowledgeArticle.842,5,2016-06-09,2016-06-14,2016-06-20
843,W_KnowledgeArticle.843,1,2017-03-30,2017-03-31,2017-04-08
844,W_KnowledgeArticle.844,4,2017-01-08,2017-01-14,2017-01-18
845,W_KnowledgeArticle.845,4,2017-02-04,2017-02-07,2017-02-15
846,W_KnowledgeArticle.846,4,2016-10-11,2016-10-18,2016-10-24
847,W_KnowledgeArticle.847,3,2016-04-23,2016-05-02,2016-05-09
848,W_KnowledgeArticle.848,1,2016-11-18,2016-11-22,2016-11-29
849,W_KnowledgeArticle.849,3,2016-11-22,2016-11-24,2016-11-25
850,W_KnowledgeArticle.850,2,2016-10-02,2016-10-10,2016-10-20
851,W_KnowledgeArticle.851,1,2016-11-10,2016-11-15,2016-11-25
852,W_KnowledgeArticle.852,1,2016-10-09,2016-10-16,2016-10-25
853,W_KnowledgeArticle.853,1,2016-11-04,2016-11-08,2016-11-11
854,W_KnowledgeArticle.854,5,2016-06-02,2016-06-11,2016-06-19
855,W_KnowledgeArticle.855,4,2017-01-14,2017-01-22,2017-01-29
856,W_KnowledgeArticle.856,2,2017-03-15,2017-03-17,2017-03-23
857,W_KnowledgeArticle.857,5,2017-01-28,2017-02-04,2017-02-10
858,W_KnowledgeArticle.858,2,2016-05-26,2016-05-30,2016-06-06
859,W_KnowledgeArticle.859,1,2017-01-18,2017-01-26,2017-02-05
860,W_KnowledgeArticle.860,4,2017-02-08,2017-02-13,2017-02-15
861,W_KnowledgeArticle.861,3,2016-08-11,2016-08-18,2016-08-28
862,W_KnowledgeArticle.862,4,2017-02-17,2017-02-27,2017-03-06
863,W_KnowledgeArticle.863,1,2016-08-22,2016-08-30,2016-09-07
864,W_KnowledgeArticle.864,4,2016-12-18,2016-12-25,2016-12-31
865,W_KnowledgeArticle.865,5,2016-04-21,2016-04-24,2016-04-27
866,W_KnowledgeArticle.866,3,2016-04-22,2016-04-25,2016-04-29
867,W_KnowledgeArticle.867,3,2016-07-23,2016-07-29,2016-08-06
868,W_KnowledgeArticle.868,2,2017-02-23,2017-02-28,2017-03-04
869,W_KnowledgeArticle.869,2,2016-05-25,2016-05-27,2016-05-29
870,W_KnowledgeArticle.870,4,2016-11-07,2016-11-12,2016-11-18
871,W_KnowledgeArticle.871,1,2016-10-26,2016-11-03,2016-11-04
872,W_KnowledgeArticle.872,5,2016-11-19,2016-11-20,2016-11-26
873,W_KnowledgeArticle.873,3,2016-06-02,2016-06-08,2016-06-10
874,W_KnowledgeArticle.874,3,2017-03-22,2017-03-31,2017-04-06
875,W_KnowledgeArticle.875,1,2017-04-06,2017-04-12,2017-04-22
876,W_KnowledgeArticle.876,4,2017-04-10,2017-04-19,2017-04-29
877,W_KnowledgeArticle.877,1,2017-01-28,2017-02-07,2017-02-16
878,W_KnowledgeArticle.878,3,2017-01-02,2017-01-06,2017-01-11
879,W_KnowledgeArticle.879,2,2017-01-05,2017-01-12,2017-01-22
880,W_KnowledgeArticle.880,2,2016-06-28,2016-07-01,2016-07-02
881,W_KnowledgeArticle.881,3,2016-08-08,2016-08-13,2016-08-17
882,W_KnowledgeArticle.882,2,2016-05-09,2016-05-16,2016-05-19
883,W_KnowledgeArticle.883,3,2017-02-02,2017-02-07,2017-02-15
884,W_KnowledgeArticle.884,1,2016-11-21,2016-11-30,2016-12-08
885,W_KnowledgeArticle.885,1,2017-04-02,2017-04-06,2017-04-16
886,W_KnowledgeArticle.886,4,2017-03-12,2017-03-16,2017-03-25
887,W_KnowledgeArticle.887,2,2017-03-31,2017-04-01,2017-04-06
888,W_KnowledgeArticle.888,4,2017-01-06,2017-01-11,2017-01-18
889,W_KnowledgeArticle.889,5,2016-10-08,2016-10-16,2016-10-25
890,W_KnowledgeArticle.890,3,2016-06-19,2016-06-21,2016-06-26
891,W_KnowledgeArticle.891,2,2016-07-27,2016-08-06,2016-08-10
892,W_KnowledgeArticle.892,4,2017-02-16,2017-02-24,2017-03-02
893,W_KnowledgeArticle.893,3,2016-09-21,2016-09-29,2016-10-01
894,W_KnowledgeArticle.894,4,2017-03-02,2017-03-10,2017-03-20
895,W_KnowledgeArticle.895,2,2016-06-23,2016-07-01,2016-07-06
896,W_KnowledgeArticle.896,1,2016-08-11,2016-08-21,2016-08-31
897,W_KnowledgeArticle.897,2,2016-04-13,2016-04-16,2016-04-22
898,W_KnowledgeArticle.898,3,2016-09-01,2016-09-09,2016-09-15
899,W_KnowledgeArticle.899,2,2016-12-02,2016-12-08,2016-12-12
900,W_KnowledgeArticle.900,3,2017-04-07,2017-04-13,2017-04-19
901,W_KnowledgeArticle.901,4,2017-01-03,2017-01-05,2017-01-11
902,W_KnowledgeArticle.902,4,2016-05-18,2016-05-19,2016-05-22
903,W_KnowledgeArticle.903,4,2016-06-17,2016-06-23,2016-06-30
904,W_KnowledgeArticle.904,1,2016-05-08,2016-05-10,2016-05-12
905,W_KnowledgeArticle.905,5,2017-01-26,2017-01-31,2017-02-03
906,W_KnowledgeArticle.906,5,2016-06-23,2016-06-26,2016-06-27
907,W_KnowledgeArticle.907,4,2016-12-07,2016-12-16,2016-12-23
908,W_KnowledgeArticle.908,3,2016-07-12,2016-07-18,2016-07-25
909,W_KnowledgeArticle.909,3,2017-02-22,2017-02-26,2017-03-08
910,W_KnowledgeArticle.910,2,2016-12-05,2016-12-08,2016-12-16
911,W_KnowledgeArticle.911,2,2016-07-30,2016-08-03,2016-08-11
912,W_KnowledgeArticle.912,4,2016-10-22,2016-10-29,2016-11-04
913,W_KnowledgeArticle.913,1,2017-01-13,2017-01-18,2017-01-22
914,W_KnowledgeArticle.914,2,2016-10-02,2016-10-07,2016-10-08
915,W_KnowledgeArticle.915,3,2016-05-14,2016-05-21,2016-05-25
916,W_KnowledgeArticle.916,3,2016-08-28,2016-09-03,2016-09-07
917,W_KnowledgeArticle.917,4,2016-05-04,2016-05-14,2016-05-16
918,W_KnowledgeArticle.918,4,2016-06-30,2016-07-08,2016-07-15
919,W_KnowledgeArticle.919,5,2016-10-10,2016-10-12,2016-10-17
920,W_KnowledgeArticle.920,2,2016-08-31,2016-09-03,2016-09-06
921,W_KnowledgeArticle.921,1,2017-01-30,2017-02-04,2017-02-13
922,W_KnowledgeArticle.922,5,2017-02-26,2017-03-07,2017-03-10
923,W_KnowledgeArticle.923,2,2016-04-14,2016-04-17,2016-04-27
924,W_KnowledgeArticle.924,5,2016-04-27,2016-05-01,2016-05-07
925,W_KnowledgeArticle.925,2,2016-10-07,2016-10-12,2016-10-15
926,W_KnowledgeArticle.926,2,2016-10-03,2016-10-08,2016-10-11
927,W_KnowledgeArticle.927,4,2016-05-12,2016-05-22,2016-05-23
928,W_KnowledgeArticle.928,1,2016-12-30,2017-01-08,2017-01-11
929,W_KnowledgeArticle.929,3,2017-01-07,2017-01-08,2017-01-15
930,W_KnowledgeArticle.930,4,2016-09-08,2016-09-11,2016-09-21
931,W_KnowledgeArticle.931,3,2016-07-06,2016-07-14,2016-07-17
932,W_KnowledgeArticle.932,4,2016-10-30,2016-11-02,2016-11-06
933,W_KnowledgeArticle.933,1,2016-08-12,2016-08-15,2016-08-22
934,W_KnowledgeArticle.934,5,2016-09-09,2016-09-11,2016-09-14
935,W_KnowledgeArticle.935,3,2016-04-26,2016-05-03,2016-05-13
936,W_KnowledgeArticle.936,4,2016-08-29,2016-09-08,2016-09-18
937,W_KnowledgeArticle.937,4,2016-10-12,2016-10-19,2016-10-24
938,W_KnowledgeArticle.938,2,2016-08-06,2016-08-16,2016-08-21
939,W_KnowledgeArticle.939,5,2016-12-11,2016-12-20,2016-12-24
940,W_KnowledgeArticle.940,1,2016-09-26,2016-09-28,2016-10-05
941,W_KnowledgeArticle.941,4,2016-07-16,2016-07-20,2016-07-30
942,W_KnowledgeArticle.942,5,2016-06-18,2016-06-20,2016-06-27
943,W_KnowledgeArticle.943,5,2016-05-01,2016-05-11,2016-05-19
944,W_KnowledgeArticle.944,1,2016-08-18,2016-08-19,2016-08-20
945,W_KnowledgeArticle.945,2,2016-06-14,2016-06-22,2016-06-28
946,W_KnowledgeArticle.946,2,2017-03-17,2017-03-24,2017-03-31
947,W_KnowledgeArticle.947,3,2016-07-03,2016-07-07,2016-07-08
948,W_KnowledgeArticle.948,2,2016-10-17,2016-10-26,2016-11-05
949,W_KnowledgeArticle.949,2,2017-01-12,2017-01-19,2017-01-24
950,W_KnowledgeArticle.950,5,2016-06-30,2016-07-06,2016-07-12
951,W_KnowledgeArticle.951,1,2016-11-06,2016-11-16,2016-11-24
952,W_KnowledgeArticle.952,3,2017-01-13,2017-01-20,2017-01-23
953,W_KnowledgeArticle.953,4,2016-09-19,2016-09-23,2016-09-24
954,W_KnowledgeArticle.954,5,2016-12-26,2017-01-02,2017-01-12
955,W_KnowledgeArticle.955,3,2016-04-23,2016-04-30,2016-05-04
956,W_KnowledgeArticle.956,3,2016-07-01,2016-07-10,2016-07-13
957,W_KnowledgeArticle.957,1,2016-04-21,2016-04-22,2016-05-02
958,W_KnowledgeArticle.958,1,2016-11-19,2016-11-24,2016-12-03
959,W_KnowledgeArticle.959,1,2016-10-27,2016-11-04,2016-11-08
960,W_KnowledgeArticle.960,3,2016-06-03,2016-06-11,2016-06-19
961,W_KnowledgeArticle.961,1,2017-03-14,2017-03-15,2017-03-20
962,W_KnowledgeArticle.962,3,2016-05-14,2016-05-20,2016-05-29
963,W_KnowledgeArticle.963,5,2016-09-25,2016-09-29,2016-10-08
964,W_KnowledgeArticle.964,3,2016-07-17,2016-07-22,2016-07-31
965,W_KnowledgeArticle.965,4,2017-03-08,2017-03-11,2017-03-21
966,W_KnowledgeArticle.966,5,2017-01-28,2017-01-30,2017-02-01
967,W_KnowledgeArticle.967,4,2016-05-08,2016-05-17,2016-05-19
968,W_KnowledgeArticle.968,5,2016-12-16,2016-12-26,2017-01-04
969,W_KnowledgeArticle.969,1,2017-03-17,2017-03-22,2017-03-31
970,W_KnowledgeArticle.970,5,2016-06-26,2016-06-30,2016-07-04
971,W_KnowledgeArticle.971,2,2017-01-18,2017-01-28,2017-01-30
972,W_KnowledgeArticle.972,3,2016-04-15,2016-04-16,2016-04-25
973,W_KnowledgeArticle.973,1,2016-07-30,2016-08-03,2016-08-13
974,W_KnowledgeArticle.974,4,2017-03-30,2017-04-06,2017-04-13
975,W_KnowledgeArticle.975,2,2017-03-22,2017-03-31,2017-04-01
976,W_KnowledgeArticle.976,4,2017-04-11,2017-04-15,2017-04-18
977,W_KnowledgeArticle.977,1,2017-03-26,2017-03-27,2017-04-02
978,W_KnowledgeArticle.978,5,2016-08-20,2016-08-22,2016-08-29
979,W_KnowledgeArticle.979,4,2016-07-09,2016-07-12,2016-07-17
980,W_KnowledgeArticle.980,1,2016-06-17,2016-06-27,2016-07-02
981,W_KnowledgeArticle.981,4,2016-05-31,2016-06-05,2016-06-14
982,W_KnowledgeArticle.982,5,2016-09-24,2016-09-26,2016-10-01
983,W_KnowledgeArticle.983,2,2017-03-28,2017-04-02,2017-04-12
984,W_KnowledgeArticle.984,1,2016-10-08,2016-10-12,2016-10-17
985,W_KnowledgeArticle.985,4,2017-03-07,2017-03-15,2017-03-22
986,W_KnowledgeArticle.986,1,2016-11-12,2016-11-15,2016-11-21
987,W_KnowledgeArticle.987,5,2016-08-15,2016-08-23,2016-08-29
988,W_KnowledgeArticle.988,2,2016-09-13,2016-09-21,2016-09-24
989,W_KnowledgeArticle.989,5,2016-05-25,2016-05-26,2016-06-03
990,W_KnowledgeArticle.990,2,2016-09-18,2016-09-20,2016-09-22
991,W_KnowledgeArticle.991,4,2016-09-27,2016-09-28,2016-09-29
992,W_KnowledgeArticle.992,5,2017-01-01,2017-01-09,2017-01-10
993,W_KnowledgeArticle.993,5,2016-10-17,2016-10-24,2016-11-02
994,W_KnowledgeArticle.994,2,2017-03-01,2017-03-08,2017-03-12
995,W_KnowledgeArticle.995,4,2016-06-11,2016-06-21,2016-06-25
996,W_KnowledgeArticle.996,5,2016-09-24,2016-10-03,2016-10-10
997,W_KnowledgeArticle.997,4,2017-02-05,2017-02-06,2017-02-12
998,W_KnowledgeArticle.998,5,2017-02-09,2017-02-17,2017-02-24
999,W_KnowledgeArticle.999,5,2017-01-26,2017-02-05,2017-02-14
1000,W_KnowledgeArticle.1000,5,2017-02-25,2017-02-27,2017-03-03
