ArticleNumber__c,External_Id__c,CaseAssociationCount__c,CreatedDate__c,FirstPublishedDate__c,LastPublishedDate__c
1,W_KCSArticle.1,4,2016-10-30 00:00:00,2016-11-07 00:00:00,2016-11-15 00:00:00
2,W_KCSArticle.2,2,2016-07-19 00:00:00,2016-07-29 00:00:00,2016-08-06 00:00:00
3,W_KCSArticle.3,1,2016-04-29 00:00:00,2016-05-07 00:00:00,2016-05-16 00:00:00
4,W_KCSArticle.4,3,2016-09-12 00:00:00,2016-09-19 00:00:00,2016-09-29 00:00:00
5,W_KCSArticle.5,4,2016-11-02 00:00:00,2016-11-11 00:00:00,2016-11-17 00:00:00
6,W_KCSArticle.6,2,2016-06-14 00:00:00,2016-06-16 00:00:00,2016-06-20 00:00:00
7,W_KCSArticle.7,5,2016-11-17 00:00:00,2016-11-18 00:00:00,2016-11-27 00:00:00
8,W_KCSArticle.8,5,2017-01-10 00:00:00,2017-01-14 00:00:00,2017-01-23 00:00:00
9,W_KCSArticle.9,5,2017-02-04 00:00:00,2017-02-11 00:00:00,2017-02-15 00:00:00
10,W_KCSArticle.10,3,2016-11-07 00:00:00,2016-11-11 00:00:00,2016-11-12 00:00:00
11,W_KCSArticle.11,2,2016-06-21 00:00:00,2016-06-30 00:00:00,2016-07-04 00:00:00
12,W_KCSArticle.12,3,2017-02-21 00:00:00,2017-02-28 00:00:00,2017-03-02 00:00:00
13,W_KCSArticle.13,1,2017-03-03 00:00:00,2017-03-13 00:00:00,2017-03-22 00:00:00
14,W_KCSArticle.14,2,2017-01-15 00:00:00,2017-01-16 00:00:00,2017-01-26 00:00:00
15,W_KCSArticle.15,3,2016-10-05 00:00:00,2016-10-09 00:00:00,2016-10-16 00:00:00
16,W_KCSArticle.16,1,2016-12-14 00:00:00,2016-12-19 00:00:00,2016-12-23 00:00:00
17,W_KCSArticle.17,2,2016-05-22 00:00:00,2016-05-30 00:00:00,2016-06-06 00:00:00
18,W_KCSArticle.18,5,2016-11-12 00:00:00,2016-11-20 00:00:00,2016-11-22 00:00:00
19,W_KCSArticle.19,3,2016-04-27 00:00:00,2016-05-05 00:00:00,2016-05-06 00:00:00
20,W_KCSArticle.20,1,2016-07-06 00:00:00,2016-07-14 00:00:00,2016-07-17 00:00:00
21,W_KCSArticle.21,3,2017-02-01 00:00:00,2017-02-04 00:00:00,2017-02-05 00:00:00
22,W_KCSArticle.22,4,2017-04-09 00:00:00,2017-04-19 00:00:00,2017-04-29 00:00:00
23,W_KCSArticle.23,2,2016-10-02 00:00:00,2016-10-06 00:00:00,2016-10-14 00:00:00
24,W_KCSArticle.24,2,2016-08-19 00:00:00,2016-08-21 00:00:00,2016-08-27 00:00:00
25,W_KCSArticle.25,2,2016-10-27 00:00:00,2016-11-01 00:00:00,2016-11-07 00:00:00
26,W_KCSArticle.26,1,2016-11-14 00:00:00,2016-11-23 00:00:00,2016-11-28 00:00:00
27,W_KCSArticle.27,3,2016-12-08 00:00:00,2016-12-10 00:00:00,2016-12-19 00:00:00
28,W_KCSArticle.28,5,2016-05-03 00:00:00,2016-05-06 00:00:00,2016-05-12 00:00:00
29,W_KCSArticle.29,5,2016-10-30 00:00:00,2016-11-05 00:00:00,2016-11-13 00:00:00
30,W_KCSArticle.30,1,2016-05-28 00:00:00,2016-05-30 00:00:00,2016-06-01 00:00:00
31,W_KCSArticle.31,2,2016-06-08 00:00:00,2016-06-17 00:00:00,2016-06-27 00:00:00
32,W_KCSArticle.32,4,2017-01-02 00:00:00,2017-01-09 00:00:00,2017-01-15 00:00:00
33,W_KCSArticle.33,3,2016-11-04 00:00:00,2016-11-12 00:00:00,2016-11-15 00:00:00
34,W_KCSArticle.34,4,2016-06-17 00:00:00,2016-06-19 00:00:00,2016-06-25 00:00:00
35,W_KCSArticle.35,5,2016-11-26 00:00:00,2016-12-05 00:00:00,2016-12-07 00:00:00
36,W_KCSArticle.36,3,2016-08-11 00:00:00,2016-08-16 00:00:00,2016-08-17 00:00:00
37,W_KCSArticle.37,5,2016-12-25 00:00:00,2017-01-04 00:00:00,2017-01-05 00:00:00
38,W_KCSArticle.38,1,2017-03-26 00:00:00,2017-03-28 00:00:00,2017-03-31 00:00:00
39,W_KCSArticle.39,1,2016-10-27 00:00:00,2016-11-06 00:00:00,2016-11-16 00:00:00
40,W_KCSArticle.40,4,2016-12-20 00:00:00,2016-12-30 00:00:00,2017-01-04 00:00:00
41,W_KCSArticle.41,5,2017-03-02 00:00:00,2017-03-04 00:00:00,2017-03-05 00:00:00
42,W_KCSArticle.42,5,2016-12-25 00:00:00,2016-12-30 00:00:00,2017-01-04 00:00:00
43,W_KCSArticle.43,3,2016-06-10 00:00:00,2016-06-18 00:00:00,2016-06-20 00:00:00
44,W_KCSArticle.44,5,2017-02-13 00:00:00,2017-02-17 00:00:00,2017-02-27 00:00:00
45,W_KCSArticle.45,2,2016-12-28 00:00:00,2016-12-29 00:00:00,2017-01-03 00:00:00
46,W_KCSArticle.46,5,2016-07-02 00:00:00,2016-07-09 00:00:00,2016-07-11 00:00:00
47,W_KCSArticle.47,5,2017-01-15 00:00:00,2017-01-17 00:00:00,2017-01-21 00:00:00
48,W_KCSArticle.48,3,2017-04-04 00:00:00,2017-04-12 00:00:00,2017-04-18 00:00:00
49,W_KCSArticle.49,3,2016-06-05 00:00:00,2016-06-09 00:00:00,2016-06-18 00:00:00
50,W_KCSArticle.50,1,2017-02-09 00:00:00,2017-02-13 00:00:00,2017-02-18 00:00:00
51,W_KCSArticle.51,3,2016-06-17 00:00:00,2016-06-26 00:00:00,2016-06-27 00:00:00
52,W_KCSArticle.52,4,2016-11-10 00:00:00,2016-11-11 00:00:00,2016-11-13 00:00:00
53,W_KCSArticle.53,4,2016-06-06 00:00:00,2016-06-08 00:00:00,2016-06-14 00:00:00
54,W_KCSArticle.54,5,2016-05-19 00:00:00,2016-05-22 00:00:00,2016-05-26 00:00:00
55,W_KCSArticle.55,3,2016-08-02 00:00:00,2016-08-06 00:00:00,2016-08-07 00:00:00
56,W_KCSArticle.56,1,2016-08-21 00:00:00,2016-08-27 00:00:00,2016-09-05 00:00:00
57,W_KCSArticle.57,4,2016-07-06 00:00:00,2016-07-13 00:00:00,2016-07-18 00:00:00
58,W_KCSArticle.58,2,2016-10-10 00:00:00,2016-10-14 00:00:00,2016-10-20 00:00:00
59,W_KCSArticle.59,1,2017-02-02 00:00:00,2017-02-06 00:00:00,2017-02-13 00:00:00
60,W_KCSArticle.60,1,2016-10-22 00:00:00,2016-10-23 00:00:00,2016-10-29 00:00:00
61,W_KCSArticle.61,5,2016-05-24 00:00:00,2016-05-29 00:00:00,2016-06-05 00:00:00
62,W_KCSArticle.62,4,2016-12-14 00:00:00,2016-12-22 00:00:00,2016-12-28 00:00:00
63,W_KCSArticle.63,1,2016-12-26 00:00:00,2017-01-02 00:00:00,2017-01-08 00:00:00
64,W_KCSArticle.64,2,2016-11-03 00:00:00,2016-11-06 00:00:00,2016-11-10 00:00:00
65,W_KCSArticle.65,2,2016-12-03 00:00:00,2016-12-13 00:00:00,2016-12-22 00:00:00
66,W_KCSArticle.66,4,2017-02-09 00:00:00,2017-02-19 00:00:00,2017-02-27 00:00:00
67,W_KCSArticle.67,1,2016-07-31 00:00:00,2016-08-08 00:00:00,2016-08-09 00:00:00
68,W_KCSArticle.68,3,2016-12-13 00:00:00,2016-12-14 00:00:00,2016-12-18 00:00:00
69,W_KCSArticle.69,4,2016-11-19 00:00:00,2016-11-26 00:00:00,2016-11-29 00:00:00
70,W_KCSArticle.70,4,2017-03-09 00:00:00,2017-03-10 00:00:00,2017-03-17 00:00:00
71,W_KCSArticle.71,4,2016-06-24 00:00:00,2016-06-28 00:00:00,2016-07-05 00:00:00
72,W_KCSArticle.72,1,2016-05-25 00:00:00,2016-06-02 00:00:00,2016-06-09 00:00:00
73,W_KCSArticle.73,5,2016-09-03 00:00:00,2016-09-09 00:00:00,2016-09-19 00:00:00
74,W_KCSArticle.74,3,2016-11-25 00:00:00,2016-12-05 00:00:00,2016-12-15 00:00:00
75,W_KCSArticle.75,2,2016-07-08 00:00:00,2016-07-10 00:00:00,2016-07-16 00:00:00
76,W_KCSArticle.76,3,2016-07-13 00:00:00,2016-07-16 00:00:00,2016-07-23 00:00:00
77,W_KCSArticle.77,2,2016-10-16 00:00:00,2016-10-20 00:00:00,2016-10-21 00:00:00
78,W_KCSArticle.78,3,2016-07-11 00:00:00,2016-07-16 00:00:00,2016-07-24 00:00:00
79,W_KCSArticle.79,5,2016-12-25 00:00:00,2016-12-26 00:00:00,2017-01-04 00:00:00
80,W_KCSArticle.80,4,2017-03-24 00:00:00,2017-03-31 00:00:00,2017-04-06 00:00:00
81,W_KCSArticle.81,5,2016-04-17 00:00:00,2016-04-25 00:00:00,2016-05-05 00:00:00
82,W_KCSArticle.82,4,2017-02-17 00:00:00,2017-02-20 00:00:00,2017-02-25 00:00:00
83,W_KCSArticle.83,3,2017-02-25 00:00:00,2017-03-07 00:00:00,2017-03-12 00:00:00
84,W_KCSArticle.84,1,2016-05-06 00:00:00,2016-05-11 00:00:00,2016-05-18 00:00:00
85,W_KCSArticle.85,2,2016-10-24 00:00:00,2016-10-26 00:00:00,2016-11-04 00:00:00
86,W_KCSArticle.86,2,2017-02-11 00:00:00,2017-02-16 00:00:00,2017-02-24 00:00:00
87,W_KCSArticle.87,1,2016-06-22 00:00:00,2016-07-01 00:00:00,2016-07-04 00:00:00
88,W_KCSArticle.88,3,2016-06-18 00:00:00,2016-06-21 00:00:00,2016-06-24 00:00:00
89,W_KCSArticle.89,2,2016-08-26 00:00:00,2016-08-30 00:00:00,2016-09-06 00:00:00
90,W_KCSArticle.90,3,2016-11-01 00:00:00,2016-11-11 00:00:00,2016-11-18 00:00:00
91,W_KCSArticle.91,5,2016-12-17 00:00:00,2016-12-20 00:00:00,2016-12-22 00:00:00
92,W_KCSArticle.92,3,2016-04-15 00:00:00,2016-04-25 00:00:00,2016-04-27 00:00:00
93,W_KCSArticle.93,1,2017-01-31 00:00:00,2017-02-05 00:00:00,2017-02-11 00:00:00
94,W_KCSArticle.94,1,2016-08-05 00:00:00,2016-08-15 00:00:00,2016-08-24 00:00:00
95,W_KCSArticle.95,5,2017-01-28 00:00:00,2017-02-03 00:00:00,2017-02-13 00:00:00
96,W_KCSArticle.96,5,2016-12-06 00:00:00,2016-12-12 00:00:00,2016-12-22 00:00:00
97,W_KCSArticle.97,4,2016-12-03 00:00:00,2016-12-08 00:00:00,2016-12-16 00:00:00
98,W_KCSArticle.98,1,2016-09-01 00:00:00,2016-09-09 00:00:00,2016-09-13 00:00:00
99,W_KCSArticle.99,2,2016-07-14 00:00:00,2016-07-17 00:00:00,2016-07-19 00:00:00
100,W_KCSArticle.100,4,2016-06-20 00:00:00,2016-06-27 00:00:00,2016-07-03 00:00:00
101,W_KCSArticle.101,5,2016-05-31 00:00:00,2016-06-04 00:00:00,2016-06-09 00:00:00
102,W_KCSArticle.102,1,2016-11-17 00:00:00,2016-11-23 00:00:00,2016-12-01 00:00:00
103,W_KCSArticle.103,4,2016-11-25 00:00:00,2016-11-28 00:00:00,2016-12-07 00:00:00
104,W_KCSArticle.104,5,2016-06-01 00:00:00,2016-06-04 00:00:00,2016-06-08 00:00:00
105,W_KCSArticle.105,2,2017-01-06 00:00:00,2017-01-09 00:00:00,2017-01-10 00:00:00
106,W_KCSArticle.106,4,2016-08-25 00:00:00,2016-09-03 00:00:00,2016-09-08 00:00:00
107,W_KCSArticle.107,4,2016-12-01 00:00:00,2016-12-08 00:00:00,2016-12-15 00:00:00
108,W_KCSArticle.108,1,2016-05-18 00:00:00,2016-05-23 00:00:00,2016-05-27 00:00:00
109,W_KCSArticle.109,3,2016-11-19 00:00:00,2016-11-27 00:00:00,2016-12-01 00:00:00
110,W_KCSArticle.110,2,2017-02-12 00:00:00,2017-02-20 00:00:00,2017-02-26 00:00:00
111,W_KCSArticle.111,4,2017-02-20 00:00:00,2017-02-25 00:00:00,2017-03-04 00:00:00
112,W_KCSArticle.112,3,2017-01-18 00:00:00,2017-01-24 00:00:00,2017-01-30 00:00:00
113,W_KCSArticle.113,5,2016-09-12 00:00:00,2016-09-13 00:00:00,2016-09-22 00:00:00
114,W_KCSArticle.114,5,2016-09-08 00:00:00,2016-09-11 00:00:00,2016-09-17 00:00:00
115,W_KCSArticle.115,5,2017-01-01 00:00:00,2017-01-11 00:00:00,2017-01-14 00:00:00
116,W_KCSArticle.116,5,2016-04-30 00:00:00,2016-05-06 00:00:00,2016-05-11 00:00:00
117,W_KCSArticle.117,4,2016-08-26 00:00:00,2016-09-05 00:00:00,2016-09-09 00:00:00
118,W_KCSArticle.118,1,2016-10-01 00:00:00,2016-10-06 00:00:00,2016-10-09 00:00:00
119,W_KCSArticle.119,1,2017-01-19 00:00:00,2017-01-25 00:00:00,2017-01-29 00:00:00
120,W_KCSArticle.120,3,2016-06-28 00:00:00,2016-07-05 00:00:00,2016-07-08 00:00:00
121,W_KCSArticle.121,5,2016-10-28 00:00:00,2016-11-04 00:00:00,2016-11-11 00:00:00
122,W_KCSArticle.122,2,2016-09-06 00:00:00,2016-09-13 00:00:00,2016-09-22 00:00:00
123,W_KCSArticle.123,2,2016-12-29 00:00:00,2017-01-03 00:00:00,2017-01-07 00:00:00
124,W_KCSArticle.124,3,2016-05-26 00:00:00,2016-05-30 00:00:00,2016-06-04 00:00:00
125,W_KCSArticle.125,3,2016-07-29 00:00:00,2016-08-05 00:00:00,2016-08-13 00:00:00
126,W_KCSArticle.126,5,2017-01-31 00:00:00,2017-02-08 00:00:00,2017-02-17 00:00:00
127,W_KCSArticle.127,5,2016-08-02 00:00:00,2016-08-11 00:00:00,2016-08-18 00:00:00
128,W_KCSArticle.128,1,2016-06-03 00:00:00,2016-06-11 00:00:00,2016-06-12 00:00:00
129,W_KCSArticle.129,2,2016-07-30 00:00:00,2016-07-31 00:00:00,2016-08-06 00:00:00
130,W_KCSArticle.130,4,2016-07-11 00:00:00,2016-07-16 00:00:00,2016-07-26 00:00:00
131,W_KCSArticle.131,2,2016-09-14 00:00:00,2016-09-23 00:00:00,2016-09-28 00:00:00
132,W_KCSArticle.132,4,2016-04-20 00:00:00,2016-04-25 00:00:00,2016-05-04 00:00:00
133,W_KCSArticle.133,4,2016-11-08 00:00:00,2016-11-10 00:00:00,2016-11-12 00:00:00
134,W_KCSArticle.134,2,2016-04-21 00:00:00,2016-04-27 00:00:00,2016-04-28 00:00:00
135,W_KCSArticle.135,1,2016-10-07 00:00:00,2016-10-17 00:00:00,2016-10-23 00:00:00
136,W_KCSArticle.136,1,2016-10-20 00:00:00,2016-10-27 00:00:00,2016-11-05 00:00:00
137,W_KCSArticle.137,4,2016-10-21 00:00:00,2016-10-22 00:00:00,2016-10-29 00:00:00
138,W_KCSArticle.138,4,2016-10-10 00:00:00,2016-10-15 00:00:00,2016-10-19 00:00:00
139,W_KCSArticle.139,2,2016-11-15 00:00:00,2016-11-18 00:00:00,2016-11-19 00:00:00
140,W_KCSArticle.140,1,2017-04-08 00:00:00,2017-04-10 00:00:00,2017-04-18 00:00:00
141,W_KCSArticle.141,1,2016-08-20 00:00:00,2016-08-26 00:00:00,2016-08-30 00:00:00
142,W_KCSArticle.142,2,2016-08-19 00:00:00,2016-08-25 00:00:00,2016-09-04 00:00:00
143,W_KCSArticle.143,1,2016-09-26 00:00:00,2016-10-06 00:00:00,2016-10-16 00:00:00
144,W_KCSArticle.144,2,2016-08-08 00:00:00,2016-08-17 00:00:00,2016-08-20 00:00:00
145,W_KCSArticle.145,3,2017-02-12 00:00:00,2017-02-16 00:00:00,2017-02-24 00:00:00
146,W_KCSArticle.146,1,2016-10-12 00:00:00,2016-10-22 00:00:00,2016-10-26 00:00:00
147,W_KCSArticle.147,5,2016-11-24 00:00:00,2016-11-27 00:00:00,2016-12-03 00:00:00
148,W_KCSArticle.148,5,2016-06-23 00:00:00,2016-06-29 00:00:00,2016-07-09 00:00:00
149,W_KCSArticle.149,1,2016-11-26 00:00:00,2016-11-27 00:00:00,2016-12-03 00:00:00
150,W_KCSArticle.150,2,2016-06-12 00:00:00,2016-06-15 00:00:00,2016-06-19 00:00:00
151,W_KCSArticle.151,5,2016-07-01 00:00:00,2016-07-11 00:00:00,2016-07-20 00:00:00
152,W_KCSArticle.152,5,2017-01-10 00:00:00,2017-01-14 00:00:00,2017-01-21 00:00:00
153,W_KCSArticle.153,1,2017-03-05 00:00:00,2017-03-10 00:00:00,2017-03-13 00:00:00
154,W_KCSArticle.154,2,2016-10-17 00:00:00,2016-10-26 00:00:00,2016-11-05 00:00:00
155,W_KCSArticle.155,5,2016-07-08 00:00:00,2016-07-13 00:00:00,2016-07-21 00:00:00
156,W_KCSArticle.156,5,2016-12-08 00:00:00,2016-12-14 00:00:00,2016-12-21 00:00:00
157,W_KCSArticle.157,5,2016-11-08 00:00:00,2016-11-16 00:00:00,2016-11-21 00:00:00
158,W_KCSArticle.158,1,2016-04-27 00:00:00,2016-04-28 00:00:00,2016-05-06 00:00:00
159,W_KCSArticle.159,3,2017-04-05 00:00:00,2017-04-15 00:00:00,2017-04-18 00:00:00
160,W_KCSArticle.160,1,2016-07-13 00:00:00,2016-07-18 00:00:00,2016-07-28 00:00:00
161,W_KCSArticle.161,5,2017-03-13 00:00:00,2017-03-15 00:00:00,2017-03-16 00:00:00
162,W_KCSArticle.162,3,2016-08-06 00:00:00,2016-08-10 00:00:00,2016-08-12 00:00:00
163,W_KCSArticle.163,2,2017-03-14 00:00:00,2017-03-18 00:00:00,2017-03-26 00:00:00
164,W_KCSArticle.164,4,2016-05-12 00:00:00,2016-05-17 00:00:00,2016-05-23 00:00:00
165,W_KCSArticle.165,2,2017-03-29 00:00:00,2017-04-08 00:00:00,2017-04-16 00:00:00
166,W_KCSArticle.166,2,2016-10-15 00:00:00,2016-10-24 00:00:00,2016-10-30 00:00:00
167,W_KCSArticle.167,4,2016-08-12 00:00:00,2016-08-15 00:00:00,2016-08-18 00:00:00
168,W_KCSArticle.168,2,2016-12-13 00:00:00,2016-12-21 00:00:00,2016-12-31 00:00:00
169,W_KCSArticle.169,3,2016-05-14 00:00:00,2016-05-16 00:00:00,2016-05-21 00:00:00
170,W_KCSArticle.170,3,2016-05-19 00:00:00,2016-05-23 00:00:00,2016-05-29 00:00:00
171,W_KCSArticle.171,4,2016-08-03 00:00:00,2016-08-13 00:00:00,2016-08-22 00:00:00
172,W_KCSArticle.172,1,2017-03-08 00:00:00,2017-03-09 00:00:00,2017-03-18 00:00:00
173,W_KCSArticle.173,5,2017-03-23 00:00:00,2017-03-31 00:00:00,2017-04-10 00:00:00
174,W_KCSArticle.174,1,2016-07-10 00:00:00,2016-07-19 00:00:00,2016-07-21 00:00:00
175,W_KCSArticle.175,2,2017-02-08 00:00:00,2017-02-10 00:00:00,2017-02-15 00:00:00
176,W_KCSArticle.176,3,2016-11-15 00:00:00,2016-11-20 00:00:00,2016-11-30 00:00:00
177,W_KCSArticle.177,3,2016-10-22 00:00:00,2016-10-30 00:00:00,2016-11-04 00:00:00
178,W_KCSArticle.178,4,2016-10-06 00:00:00,2016-10-11 00:00:00,2016-10-13 00:00:00
179,W_KCSArticle.179,4,2016-06-10 00:00:00,2016-06-20 00:00:00,2016-06-29 00:00:00
180,W_KCSArticle.180,4,2016-09-04 00:00:00,2016-09-11 00:00:00,2016-09-13 00:00:00
181,W_KCSArticle.181,4,2016-08-22 00:00:00,2016-08-27 00:00:00,2016-09-05 00:00:00
182,W_KCSArticle.182,1,2017-01-11 00:00:00,2017-01-16 00:00:00,2017-01-21 00:00:00
183,W_KCSArticle.183,4,2017-02-26 00:00:00,2017-03-05 00:00:00,2017-03-09 00:00:00
184,W_KCSArticle.184,1,2016-04-13 00:00:00,2016-04-16 00:00:00,2016-04-19 00:00:00
185,W_KCSArticle.185,3,2016-09-04 00:00:00,2016-09-14 00:00:00,2016-09-23 00:00:00
186,W_KCSArticle.186,4,2017-01-14 00:00:00,2017-01-15 00:00:00,2017-01-17 00:00:00
187,W_KCSArticle.187,4,2016-12-30 00:00:00,2017-01-07 00:00:00,2017-01-10 00:00:00
188,W_KCSArticle.188,4,2016-08-29 00:00:00,2016-09-06 00:00:00,2016-09-08 00:00:00
189,W_KCSArticle.189,5,2016-04-19 00:00:00,2016-04-29 00:00:00,2016-05-01 00:00:00
190,W_KCSArticle.190,4,2016-05-02 00:00:00,2016-05-07 00:00:00,2016-05-09 00:00:00
191,W_KCSArticle.191,2,2016-07-26 00:00:00,2016-08-02 00:00:00,2016-08-12 00:00:00
192,W_KCSArticle.192,3,2016-12-27 00:00:00,2016-12-29 00:00:00,2017-01-07 00:00:00
193,W_KCSArticle.193,3,2016-12-01 00:00:00,2016-12-09 00:00:00,2016-12-12 00:00:00
194,W_KCSArticle.194,4,2016-07-10 00:00:00,2016-07-15 00:00:00,2016-07-21 00:00:00
195,W_KCSArticle.195,3,2016-07-29 00:00:00,2016-08-06 00:00:00,2016-08-08 00:00:00
196,W_KCSArticle.196,5,2016-12-07 00:00:00,2016-12-15 00:00:00,2016-12-21 00:00:00
197,W_KCSArticle.197,4,2016-12-10 00:00:00,2016-12-15 00:00:00,2016-12-17 00:00:00
198,W_KCSArticle.198,5,2016-12-26 00:00:00,2016-12-29 00:00:00,2017-01-01 00:00:00
199,W_KCSArticle.199,5,2016-11-27 00:00:00,2016-12-06 00:00:00,2016-12-08 00:00:00
200,W_KCSArticle.200,1,2016-08-21 00:00:00,2016-08-27 00:00:00,2016-08-31 00:00:00
201,W_KCSArticle.201,4,2017-03-30 00:00:00,2017-04-05 00:00:00,2017-04-10 00:00:00
202,W_KCSArticle.202,2,2016-10-23 00:00:00,2016-10-24 00:00:00,2016-11-02 00:00:00
203,W_KCSArticle.203,2,2016-10-29 00:00:00,2016-11-04 00:00:00,2016-11-12 00:00:00
204,W_KCSArticle.204,4,2016-09-02 00:00:00,2016-09-10 00:00:00,2016-09-16 00:00:00
205,W_KCSArticle.205,1,2016-12-17 00:00:00,2016-12-20 00:00:00,2016-12-29 00:00:00
206,W_KCSArticle.206,4,2016-11-14 00:00:00,2016-11-17 00:00:00,2016-11-26 00:00:00
207,W_KCSArticle.207,2,2016-11-16 00:00:00,2016-11-21 00:00:00,2016-11-28 00:00:00
208,W_KCSArticle.208,1,2017-01-23 00:00:00,2017-02-01 00:00:00,2017-02-06 00:00:00
209,W_KCSArticle.209,4,2016-09-26 00:00:00,2016-10-06 00:00:00,2016-10-09 00:00:00
210,W_KCSArticle.210,5,2016-05-26 00:00:00,2016-06-02 00:00:00,2016-06-07 00:00:00
211,W_KCSArticle.211,1,2016-10-08 00:00:00,2016-10-11 00:00:00,2016-10-17 00:00:00
212,W_KCSArticle.212,1,2016-08-21 00:00:00,2016-08-25 00:00:00,2016-09-02 00:00:00
213,W_KCSArticle.213,5,2017-03-02 00:00:00,2017-03-10 00:00:00,2017-03-11 00:00:00
214,W_KCSArticle.214,2,2016-12-19 00:00:00,2016-12-24 00:00:00,2016-12-28 00:00:00
215,W_KCSArticle.215,2,2017-03-22 00:00:00,2017-03-27 00:00:00,2017-04-04 00:00:00
216,W_KCSArticle.216,3,2017-02-15 00:00:00,2017-02-18 00:00:00,2017-02-25 00:00:00
217,W_KCSArticle.217,1,2016-09-29 00:00:00,2016-10-03 00:00:00,2016-10-04 00:00:00
218,W_KCSArticle.218,5,2017-03-11 00:00:00,2017-03-16 00:00:00,2017-03-22 00:00:00
219,W_KCSArticle.219,5,2016-05-16 00:00:00,2016-05-24 00:00:00,2016-05-29 00:00:00
220,W_KCSArticle.220,5,2016-05-23 00:00:00,2016-05-27 00:00:00,2016-05-31 00:00:00
221,W_KCSArticle.221,4,2016-04-20 00:00:00,2016-04-30 00:00:00,2016-05-02 00:00:00
222,W_KCSArticle.222,4,2017-03-03 00:00:00,2017-03-05 00:00:00,2017-03-15 00:00:00
223,W_KCSArticle.223,3,2016-12-31 00:00:00,2017-01-07 00:00:00,2017-01-11 00:00:00
224,W_KCSArticle.224,5,2016-06-14 00:00:00,2016-06-22 00:00:00,2016-06-29 00:00:00
225,W_KCSArticle.225,1,2016-04-20 00:00:00,2016-04-26 00:00:00,2016-05-04 00:00:00
226,W_KCSArticle.226,4,2016-04-26 00:00:00,2016-05-01 00:00:00,2016-05-03 00:00:00
227,W_KCSArticle.227,5,2017-01-01 00:00:00,2017-01-08 00:00:00,2017-01-15 00:00:00
228,W_KCSArticle.228,3,2016-12-07 00:00:00,2016-12-15 00:00:00,2016-12-22 00:00:00
229,W_KCSArticle.229,5,2017-01-30 00:00:00,2017-02-04 00:00:00,2017-02-08 00:00:00
230,W_KCSArticle.230,5,2016-09-25 00:00:00,2016-09-29 00:00:00,2016-10-02 00:00:00
231,W_KCSArticle.231,4,2016-06-08 00:00:00,2016-06-12 00:00:00,2016-06-13 00:00:00
232,W_KCSArticle.232,1,2016-05-17 00:00:00,2016-05-26 00:00:00,2016-06-04 00:00:00
233,W_KCSArticle.233,5,2017-03-02 00:00:00,2017-03-06 00:00:00,2017-03-12 00:00:00
234,W_KCSArticle.234,3,2016-08-01 00:00:00,2016-08-04 00:00:00,2016-08-11 00:00:00
235,W_KCSArticle.235,5,2017-03-25 00:00:00,2017-03-31 00:00:00,2017-04-08 00:00:00
236,W_KCSArticle.236,4,2016-12-03 00:00:00,2016-12-10 00:00:00,2016-12-20 00:00:00
237,W_KCSArticle.237,4,2016-12-05 00:00:00,2016-12-08 00:00:00,2016-12-11 00:00:00
238,W_KCSArticle.238,1,2017-01-01 00:00:00,2017-01-06 00:00:00,2017-01-13 00:00:00
239,W_KCSArticle.239,3,2016-06-08 00:00:00,2016-06-14 00:00:00,2016-06-21 00:00:00
240,W_KCSArticle.240,1,2016-05-09 00:00:00,2016-05-14 00:00:00,2016-05-22 00:00:00
241,W_KCSArticle.241,4,2016-08-31 00:00:00,2016-09-01 00:00:00,2016-09-09 00:00:00
242,W_KCSArticle.242,5,2016-09-30 00:00:00,2016-10-01 00:00:00,2016-10-07 00:00:00
243,W_KCSArticle.243,4,2016-12-09 00:00:00,2016-12-17 00:00:00,2016-12-25 00:00:00
244,W_KCSArticle.244,2,2017-03-11 00:00:00,2017-03-16 00:00:00,2017-03-22 00:00:00
245,W_KCSArticle.245,1,2017-02-23 00:00:00,2017-03-04 00:00:00,2017-03-13 00:00:00
246,W_KCSArticle.246,5,2016-06-11 00:00:00,2016-06-19 00:00:00,2016-06-27 00:00:00
247,W_KCSArticle.247,1,2016-10-14 00:00:00,2016-10-19 00:00:00,2016-10-26 00:00:00
248,W_KCSArticle.248,3,2016-08-06 00:00:00,2016-08-08 00:00:00,2016-08-11 00:00:00
249,W_KCSArticle.249,2,2016-04-26 00:00:00,2016-04-28 00:00:00,2016-04-29 00:00:00
250,W_KCSArticle.250,4,2016-11-04 00:00:00,2016-11-09 00:00:00,2016-11-17 00:00:00
251,W_KCSArticle.251,2,2017-02-16 00:00:00,2017-02-24 00:00:00,2017-03-06 00:00:00
252,W_KCSArticle.252,1,2016-08-08 00:00:00,2016-08-16 00:00:00,2016-08-21 00:00:00
253,W_KCSArticle.253,5,2016-05-19 00:00:00,2016-05-25 00:00:00,2016-05-31 00:00:00
254,W_KCSArticle.254,3,2016-05-05 00:00:00,2016-05-08 00:00:00,2016-05-15 00:00:00
255,W_KCSArticle.255,2,2017-03-12 00:00:00,2017-03-17 00:00:00,2017-03-19 00:00:00
256,W_KCSArticle.256,1,2016-07-01 00:00:00,2016-07-08 00:00:00,2016-07-17 00:00:00
257,W_KCSArticle.257,4,2016-12-19 00:00:00,2016-12-29 00:00:00,2017-01-08 00:00:00
258,W_KCSArticle.258,3,2017-01-22 00:00:00,2017-01-24 00:00:00,2017-02-02 00:00:00
259,W_KCSArticle.259,5,2016-06-02 00:00:00,2016-06-05 00:00:00,2016-06-09 00:00:00
260,W_KCSArticle.260,4,2016-12-27 00:00:00,2017-01-01 00:00:00,2017-01-09 00:00:00
261,W_KCSArticle.261,2,2016-11-10 00:00:00,2016-11-11 00:00:00,2016-11-18 00:00:00
262,W_KCSArticle.262,1,2016-05-29 00:00:00,2016-05-31 00:00:00,2016-06-05 00:00:00
263,W_KCSArticle.263,4,2016-08-24 00:00:00,2016-08-25 00:00:00,2016-08-27 00:00:00
264,W_KCSArticle.264,5,2017-02-11 00:00:00,2017-02-19 00:00:00,2017-02-25 00:00:00
265,W_KCSArticle.265,3,2016-09-14 00:00:00,2016-09-24 00:00:00,2016-10-03 00:00:00
266,W_KCSArticle.266,2,2017-02-03 00:00:00,2017-02-04 00:00:00,2017-02-05 00:00:00
267,W_KCSArticle.267,3,2017-01-26 00:00:00,2017-01-28 00:00:00,2017-01-31 00:00:00
268,W_KCSArticle.268,4,2017-02-17 00:00:00,2017-02-19 00:00:00,2017-02-24 00:00:00
269,W_KCSArticle.269,2,2016-12-09 00:00:00,2016-12-14 00:00:00,2016-12-20 00:00:00
270,W_KCSArticle.270,3,2017-02-16 00:00:00,2017-02-25 00:00:00,2017-03-06 00:00:00
271,W_KCSArticle.271,1,2017-01-09 00:00:00,2017-01-15 00:00:00,2017-01-20 00:00:00
272,W_KCSArticle.272,2,2017-01-04 00:00:00,2017-01-07 00:00:00,2017-01-16 00:00:00
273,W_KCSArticle.273,5,2016-12-13 00:00:00,2016-12-19 00:00:00,2016-12-22 00:00:00
274,W_KCSArticle.274,1,2017-03-09 00:00:00,2017-03-12 00:00:00,2017-03-15 00:00:00
275,W_KCSArticle.275,3,2016-07-19 00:00:00,2016-07-23 00:00:00,2016-07-25 00:00:00
276,W_KCSArticle.276,1,2016-10-21 00:00:00,2016-10-27 00:00:00,2016-11-05 00:00:00
277,W_KCSArticle.277,1,2017-01-25 00:00:00,2017-02-04 00:00:00,2017-02-08 00:00:00
278,W_KCSArticle.278,1,2016-08-30 00:00:00,2016-09-04 00:00:00,2016-09-13 00:00:00
279,W_KCSArticle.279,3,2017-01-16 00:00:00,2017-01-21 00:00:00,2017-01-28 00:00:00
280,W_KCSArticle.280,5,2017-01-20 00:00:00,2017-01-22 00:00:00,2017-01-27 00:00:00
281,W_KCSArticle.281,4,2016-12-24 00:00:00,2016-12-28 00:00:00,2017-01-05 00:00:00
282,W_KCSArticle.282,4,2016-04-20 00:00:00,2016-04-27 00:00:00,2016-05-07 00:00:00
283,W_KCSArticle.283,2,2016-12-19 00:00:00,2016-12-27 00:00:00,2017-01-02 00:00:00
284,W_KCSArticle.284,3,2016-05-31 00:00:00,2016-06-08 00:00:00,2016-06-13 00:00:00
285,W_KCSArticle.285,2,2016-06-08 00:00:00,2016-06-13 00:00:00,2016-06-21 00:00:00
286,W_KCSArticle.286,1,2016-11-20 00:00:00,2016-11-29 00:00:00,2016-12-07 00:00:00
287,W_KCSArticle.287,2,2016-08-29 00:00:00,2016-09-05 00:00:00,2016-09-09 00:00:00
288,W_KCSArticle.288,5,2016-07-11 00:00:00,2016-07-21 00:00:00,2016-07-30 00:00:00
289,W_KCSArticle.289,2,2016-04-25 00:00:00,2016-05-03 00:00:00,2016-05-04 00:00:00
290,W_KCSArticle.290,4,2016-05-09 00:00:00,2016-05-13 00:00:00,2016-05-16 00:00:00
291,W_KCSArticle.291,1,2016-06-20 00:00:00,2016-06-24 00:00:00,2016-06-28 00:00:00
292,W_KCSArticle.292,5,2016-06-20 00:00:00,2016-06-25 00:00:00,2016-06-28 00:00:00
293,W_KCSArticle.293,2,2016-07-14 00:00:00,2016-07-22 00:00:00,2016-07-26 00:00:00
294,W_KCSArticle.294,5,2017-01-27 00:00:00,2017-02-02 00:00:00,2017-02-04 00:00:00
295,W_KCSArticle.295,1,2017-02-11 00:00:00,2017-02-16 00:00:00,2017-02-23 00:00:00
296,W_KCSArticle.296,4,2017-03-09 00:00:00,2017-03-18 00:00:00,2017-03-28 00:00:00
297,W_KCSArticle.297,1,2016-05-04 00:00:00,2016-05-08 00:00:00,2016-05-16 00:00:00
298,W_KCSArticle.298,3,2017-01-06 00:00:00,2017-01-14 00:00:00,2017-01-21 00:00:00
299,W_KCSArticle.299,4,2016-10-01 00:00:00,2016-10-03 00:00:00,2016-10-04 00:00:00
300,W_KCSArticle.300,4,2017-02-12 00:00:00,2017-02-14 00:00:00,2017-02-19 00:00:00
301,W_KCSArticle.301,2,2016-06-17 00:00:00,2016-06-22 00:00:00,2016-06-24 00:00:00
302,W_KCSArticle.302,2,2016-05-07 00:00:00,2016-05-08 00:00:00,2016-05-12 00:00:00
303,W_KCSArticle.303,2,2017-03-10 00:00:00,2017-03-17 00:00:00,2017-03-20 00:00:00
304,W_KCSArticle.304,3,2016-10-26 00:00:00,2016-10-27 00:00:00,2016-10-30 00:00:00
305,W_KCSArticle.305,5,2016-04-20 00:00:00,2016-04-29 00:00:00,2016-05-06 00:00:00
306,W_KCSArticle.306,4,2017-01-15 00:00:00,2017-01-20 00:00:00,2017-01-29 00:00:00
307,W_KCSArticle.307,1,2016-06-21 00:00:00,2016-07-01 00:00:00,2016-07-06 00:00:00
308,W_KCSArticle.308,4,2016-10-19 00:00:00,2016-10-20 00:00:00,2016-10-22 00:00:00
309,W_KCSArticle.309,4,2017-02-18 00:00:00,2017-02-20 00:00:00,2017-02-27 00:00:00
310,W_KCSArticle.310,2,2016-08-09 00:00:00,2016-08-17 00:00:00,2016-08-25 00:00:00
311,W_KCSArticle.311,5,2016-09-21 00:00:00,2016-09-26 00:00:00,2016-10-06 00:00:00
312,W_KCSArticle.312,4,2016-09-14 00:00:00,2016-09-17 00:00:00,2016-09-25 00:00:00
313,W_KCSArticle.313,2,2016-09-24 00:00:00,2016-10-04 00:00:00,2016-10-07 00:00:00
314,W_KCSArticle.314,2,2016-12-22 00:00:00,2016-12-25 00:00:00,2017-01-01 00:00:00
315,W_KCSArticle.315,4,2016-10-26 00:00:00,2016-10-28 00:00:00,2016-11-06 00:00:00
316,W_KCSArticle.316,3,2017-03-04 00:00:00,2017-03-12 00:00:00,2017-03-14 00:00:00
317,W_KCSArticle.317,2,2016-09-27 00:00:00,2016-10-02 00:00:00,2016-10-09 00:00:00
318,W_KCSArticle.318,3,2016-12-04 00:00:00,2016-12-12 00:00:00,2016-12-14 00:00:00
319,W_KCSArticle.319,2,2016-06-13 00:00:00,2016-06-19 00:00:00,2016-06-28 00:00:00
320,W_KCSArticle.320,1,2016-04-29 00:00:00,2016-05-04 00:00:00,2016-05-14 00:00:00
321,W_KCSArticle.321,2,2017-03-09 00:00:00,2017-03-14 00:00:00,2017-03-24 00:00:00
322,W_KCSArticle.322,4,2016-07-14 00:00:00,2016-07-17 00:00:00,2016-07-23 00:00:00
323,W_KCSArticle.323,1,2017-01-22 00:00:00,2017-01-30 00:00:00,2017-02-06 00:00:00
324,W_KCSArticle.324,1,2016-10-18 00:00:00,2016-10-19 00:00:00,2016-10-21 00:00:00
325,W_KCSArticle.325,4,2017-03-18 00:00:00,2017-03-21 00:00:00,2017-03-22 00:00:00
326,W_KCSArticle.326,1,2016-07-31 00:00:00,2016-08-02 00:00:00,2016-08-05 00:00:00
327,W_KCSArticle.327,3,2017-01-02 00:00:00,2017-01-10 00:00:00,2017-01-19 00:00:00
328,W_KCSArticle.328,4,2016-08-30 00:00:00,2016-09-05 00:00:00,2016-09-07 00:00:00
329,W_KCSArticle.329,5,2016-06-24 00:00:00,2016-06-29 00:00:00,2016-07-01 00:00:00
330,W_KCSArticle.330,2,2017-01-28 00:00:00,2017-02-04 00:00:00,2017-02-07 00:00:00
331,W_KCSArticle.331,3,2016-11-10 00:00:00,2016-11-16 00:00:00,2016-11-22 00:00:00
332,W_KCSArticle.332,2,2017-01-15 00:00:00,2017-01-19 00:00:00,2017-01-25 00:00:00
333,W_KCSArticle.333,1,2016-09-22 00:00:00,2016-09-23 00:00:00,2016-09-30 00:00:00
334,W_KCSArticle.334,5,2016-12-02 00:00:00,2016-12-05 00:00:00,2016-12-10 00:00:00
335,W_KCSArticle.335,4,2017-03-25 00:00:00,2017-04-02 00:00:00,2017-04-06 00:00:00
336,W_KCSArticle.336,5,2017-04-02 00:00:00,2017-04-05 00:00:00,2017-04-07 00:00:00
337,W_KCSArticle.337,5,2016-11-24 00:00:00,2016-11-30 00:00:00,2016-12-06 00:00:00
338,W_KCSArticle.338,4,2016-11-28 00:00:00,2016-12-06 00:00:00,2016-12-14 00:00:00
339,W_KCSArticle.339,2,2016-08-23 00:00:00,2016-08-29 00:00:00,2016-09-02 00:00:00
340,W_KCSArticle.340,5,2016-11-15 00:00:00,2016-11-24 00:00:00,2016-11-29 00:00:00
341,W_KCSArticle.341,3,2016-06-10 00:00:00,2016-06-17 00:00:00,2016-06-22 00:00:00
342,W_KCSArticle.342,3,2016-06-02 00:00:00,2016-06-09 00:00:00,2016-06-18 00:00:00
343,W_KCSArticle.343,5,2017-02-14 00:00:00,2017-02-17 00:00:00,2017-02-24 00:00:00
344,W_KCSArticle.344,1,2017-02-17 00:00:00,2017-02-23 00:00:00,2017-02-26 00:00:00
345,W_KCSArticle.345,2,2017-03-31 00:00:00,2017-04-03 00:00:00,2017-04-04 00:00:00
346,W_KCSArticle.346,4,2016-10-11 00:00:00,2016-10-15 00:00:00,2016-10-23 00:00:00
347,W_KCSArticle.347,1,2016-11-14 00:00:00,2016-11-24 00:00:00,2016-11-26 00:00:00
348,W_KCSArticle.348,4,2016-11-21 00:00:00,2016-11-28 00:00:00,2016-11-29 00:00:00
349,W_KCSArticle.349,5,2016-05-11 00:00:00,2016-05-12 00:00:00,2016-05-13 00:00:00
350,W_KCSArticle.350,5,2016-05-01 00:00:00,2016-05-11 00:00:00,2016-05-17 00:00:00
351,W_KCSArticle.351,4,2016-07-07 00:00:00,2016-07-09 00:00:00,2016-07-12 00:00:00
352,W_KCSArticle.352,1,2016-12-13 00:00:00,2016-12-17 00:00:00,2016-12-26 00:00:00
353,W_KCSArticle.353,5,2017-01-25 00:00:00,2017-02-04 00:00:00,2017-02-13 00:00:00
354,W_KCSArticle.354,4,2016-11-15 00:00:00,2016-11-23 00:00:00,2016-12-02 00:00:00
355,W_KCSArticle.355,1,2016-07-11 00:00:00,2016-07-20 00:00:00,2016-07-25 00:00:00
356,W_KCSArticle.356,5,2016-09-16 00:00:00,2016-09-21 00:00:00,2016-09-22 00:00:00
357,W_KCSArticle.357,2,2016-05-24 00:00:00,2016-05-28 00:00:00,2016-06-05 00:00:00
358,W_KCSArticle.358,3,2016-07-13 00:00:00,2016-07-15 00:00:00,2016-07-21 00:00:00
359,W_KCSArticle.359,5,2017-01-09 00:00:00,2017-01-10 00:00:00,2017-01-12 00:00:00
360,W_KCSArticle.360,5,2017-02-17 00:00:00,2017-02-27 00:00:00,2017-03-02 00:00:00
361,W_KCSArticle.361,5,2017-01-26 00:00:00,2017-02-01 00:00:00,2017-02-11 00:00:00
362,W_KCSArticle.362,3,2016-06-16 00:00:00,2016-06-18 00:00:00,2016-06-20 00:00:00
363,W_KCSArticle.363,2,2016-10-10 00:00:00,2016-10-11 00:00:00,2016-10-21 00:00:00
364,W_KCSArticle.364,5,2016-06-09 00:00:00,2016-06-18 00:00:00,2016-06-26 00:00:00
365,W_KCSArticle.365,1,2016-09-15 00:00:00,2016-09-16 00:00:00,2016-09-25 00:00:00
366,W_KCSArticle.366,1,2016-09-13 00:00:00,2016-09-23 00:00:00,2016-09-29 00:00:00
367,W_KCSArticle.367,1,2016-07-01 00:00:00,2016-07-04 00:00:00,2016-07-07 00:00:00
368,W_KCSArticle.368,2,2017-04-09 00:00:00,2017-04-13 00:00:00,2017-04-16 00:00:00
369,W_KCSArticle.369,5,2016-07-05 00:00:00,2016-07-12 00:00:00,2016-07-18 00:00:00
370,W_KCSArticle.370,5,2017-04-03 00:00:00,2017-04-08 00:00:00,2017-04-13 00:00:00
371,W_KCSArticle.371,5,2016-11-06 00:00:00,2016-11-16 00:00:00,2016-11-18 00:00:00
372,W_KCSArticle.372,3,2016-06-04 00:00:00,2016-06-07 00:00:00,2016-06-08 00:00:00
373,W_KCSArticle.373,5,2017-02-15 00:00:00,2017-02-22 00:00:00,2017-02-27 00:00:00
374,W_KCSArticle.374,5,2016-11-11 00:00:00,2016-11-19 00:00:00,2016-11-25 00:00:00
375,W_KCSArticle.375,2,2016-12-21 00:00:00,2016-12-30 00:00:00,2017-01-05 00:00:00
376,W_KCSArticle.376,2,2016-07-24 00:00:00,2016-08-03 00:00:00,2016-08-10 00:00:00
377,W_KCSArticle.377,2,2016-10-29 00:00:00,2016-11-03 00:00:00,2016-11-12 00:00:00
378,W_KCSArticle.378,2,2016-05-23 00:00:00,2016-05-29 00:00:00,2016-06-06 00:00:00
379,W_KCSArticle.379,3,2016-09-08 00:00:00,2016-09-09 00:00:00,2016-09-19 00:00:00
380,W_KCSArticle.380,3,2016-04-16 00:00:00,2016-04-19 00:00:00,2016-04-23 00:00:00
381,W_KCSArticle.381,1,2017-01-30 00:00:00,2017-02-03 00:00:00,2017-02-08 00:00:00
382,W_KCSArticle.382,2,2016-09-02 00:00:00,2016-09-07 00:00:00,2016-09-12 00:00:00
383,W_KCSArticle.383,4,2016-04-22 00:00:00,2016-04-27 00:00:00,2016-05-03 00:00:00
384,W_KCSArticle.384,5,2017-01-03 00:00:00,2017-01-13 00:00:00,2017-01-16 00:00:00
385,W_KCSArticle.385,5,2016-07-17 00:00:00,2016-07-18 00:00:00,2016-07-27 00:00:00
386,W_KCSArticle.386,4,2016-10-04 00:00:00,2016-10-12 00:00:00,2016-10-13 00:00:00
387,W_KCSArticle.387,3,2017-01-11 00:00:00,2017-01-12 00:00:00,2017-01-15 00:00:00
388,W_KCSArticle.388,1,2016-05-20 00:00:00,2016-05-29 00:00:00,2016-06-05 00:00:00
389,W_KCSArticle.389,4,2016-09-10 00:00:00,2016-09-17 00:00:00,2016-09-18 00:00:00
390,W_KCSArticle.390,5,2016-05-04 00:00:00,2016-05-14 00:00:00,2016-05-18 00:00:00
391,W_KCSArticle.391,1,2016-11-01 00:00:00,2016-11-04 00:00:00,2016-11-08 00:00:00
392,W_KCSArticle.392,2,2016-11-09 00:00:00,2016-11-18 00:00:00,2016-11-27 00:00:00
393,W_KCSArticle.393,1,2017-01-07 00:00:00,2017-01-17 00:00:00,2017-01-18 00:00:00
394,W_KCSArticle.394,5,2017-03-19 00:00:00,2017-03-26 00:00:00,2017-03-30 00:00:00
395,W_KCSArticle.395,1,2016-11-02 00:00:00,2016-11-10 00:00:00,2016-11-11 00:00:00
396,W_KCSArticle.396,2,2016-06-12 00:00:00,2016-06-16 00:00:00,2016-06-18 00:00:00
397,W_KCSArticle.397,5,2016-11-26 00:00:00,2016-12-02 00:00:00,2016-12-10 00:00:00
398,W_KCSArticle.398,1,2016-05-14 00:00:00,2016-05-19 00:00:00,2016-05-27 00:00:00
399,W_KCSArticle.399,5,2017-03-12 00:00:00,2017-03-18 00:00:00,2017-03-23 00:00:00
400,W_KCSArticle.400,4,2016-07-05 00:00:00,2016-07-14 00:00:00,2016-07-17 00:00:00
401,W_KCSArticle.401,4,2016-10-23 00:00:00,2016-10-31 00:00:00,2016-11-10 00:00:00
402,W_KCSArticle.402,2,2016-10-10 00:00:00,2016-10-17 00:00:00,2016-10-22 00:00:00
403,W_KCSArticle.403,5,2016-04-15 00:00:00,2016-04-23 00:00:00,2016-04-26 00:00:00
404,W_KCSArticle.404,4,2016-07-08 00:00:00,2016-07-12 00:00:00,2016-07-17 00:00:00
405,W_KCSArticle.405,2,2016-07-30 00:00:00,2016-08-08 00:00:00,2016-08-12 00:00:00
406,W_KCSArticle.406,3,2016-10-16 00:00:00,2016-10-23 00:00:00,2016-10-28 00:00:00
407,W_KCSArticle.407,3,2017-02-11 00:00:00,2017-02-16 00:00:00,2017-02-21 00:00:00
408,W_KCSArticle.408,4,2016-07-20 00:00:00,2016-07-27 00:00:00,2016-07-31 00:00:00
409,W_KCSArticle.409,5,2017-02-13 00:00:00,2017-02-23 00:00:00,2017-03-03 00:00:00
410,W_KCSArticle.410,5,2017-02-25 00:00:00,2017-03-04 00:00:00,2017-03-05 00:00:00
411,W_KCSArticle.411,1,2016-04-23 00:00:00,2016-04-25 00:00:00,2016-04-26 00:00:00
412,W_KCSArticle.412,1,2016-06-26 00:00:00,2016-06-27 00:00:00,2016-07-05 00:00:00
413,W_KCSArticle.413,1,2017-02-19 00:00:00,2017-02-23 00:00:00,2017-03-04 00:00:00
414,W_KCSArticle.414,1,2016-08-04 00:00:00,2016-08-05 00:00:00,2016-08-06 00:00:00
415,W_KCSArticle.415,4,2017-03-08 00:00:00,2017-03-16 00:00:00,2017-03-20 00:00:00
416,W_KCSArticle.416,5,2016-11-15 00:00:00,2016-11-16 00:00:00,2016-11-25 00:00:00
417,W_KCSArticle.417,3,2017-02-23 00:00:00,2017-02-28 00:00:00,2017-03-04 00:00:00
418,W_KCSArticle.418,2,2016-05-24 00:00:00,2016-05-27 00:00:00,2016-06-03 00:00:00
419,W_KCSArticle.419,5,2016-08-09 00:00:00,2016-08-18 00:00:00,2016-08-20 00:00:00
420,W_KCSArticle.420,2,2016-09-15 00:00:00,2016-09-25 00:00:00,2016-10-04 00:00:00
421,W_KCSArticle.421,4,2016-12-28 00:00:00,2017-01-01 00:00:00,2017-01-02 00:00:00
422,W_KCSArticle.422,1,2017-01-01 00:00:00,2017-01-05 00:00:00,2017-01-15 00:00:00
423,W_KCSArticle.423,2,2016-11-23 00:00:00,2016-12-02 00:00:00,2016-12-12 00:00:00
424,W_KCSArticle.424,1,2016-12-17 00:00:00,2016-12-21 00:00:00,2016-12-31 00:00:00
425,W_KCSArticle.425,1,2016-08-08 00:00:00,2016-08-11 00:00:00,2016-08-12 00:00:00
426,W_KCSArticle.426,1,2016-12-03 00:00:00,2016-12-12 00:00:00,2016-12-22 00:00:00
427,W_KCSArticle.427,2,2016-05-29 00:00:00,2016-06-04 00:00:00,2016-06-09 00:00:00
428,W_KCSArticle.428,1,2016-11-19 00:00:00,2016-11-22 00:00:00,2016-11-29 00:00:00
429,W_KCSArticle.429,5,2016-10-28 00:00:00,2016-11-05 00:00:00,2016-11-13 00:00:00
430,W_KCSArticle.430,1,2016-07-26 00:00:00,2016-07-30 00:00:00,2016-08-07 00:00:00
431,W_KCSArticle.431,1,2016-11-24 00:00:00,2016-12-03 00:00:00,2016-12-05 00:00:00
432,W_KCSArticle.432,5,2016-09-18 00:00:00,2016-09-23 00:00:00,2016-09-24 00:00:00
433,W_KCSArticle.433,4,2016-08-13 00:00:00,2016-08-16 00:00:00,2016-08-21 00:00:00
434,W_KCSArticle.434,1,2016-12-01 00:00:00,2016-12-03 00:00:00,2016-12-08 00:00:00
435,W_KCSArticle.435,2,2016-10-15 00:00:00,2016-10-19 00:00:00,2016-10-23 00:00:00
436,W_KCSArticle.436,4,2016-10-17 00:00:00,2016-10-25 00:00:00,2016-10-28 00:00:00
437,W_KCSArticle.437,3,2016-11-14 00:00:00,2016-11-24 00:00:00,2016-11-30 00:00:00
438,W_KCSArticle.438,1,2017-02-05 00:00:00,2017-02-09 00:00:00,2017-02-10 00:00:00
439,W_KCSArticle.439,4,2016-06-03 00:00:00,2016-06-12 00:00:00,2016-06-14 00:00:00
440,W_KCSArticle.440,2,2016-06-30 00:00:00,2016-07-06 00:00:00,2016-07-09 00:00:00
441,W_KCSArticle.441,3,2016-05-04 00:00:00,2016-05-11 00:00:00,2016-05-19 00:00:00
442,W_KCSArticle.442,5,2016-06-09 00:00:00,2016-06-14 00:00:00,2016-06-18 00:00:00
443,W_KCSArticle.443,2,2016-11-12 00:00:00,2016-11-20 00:00:00,2016-11-25 00:00:00
444,W_KCSArticle.444,4,2017-03-27 00:00:00,2017-04-02 00:00:00,2017-04-09 00:00:00
445,W_KCSArticle.445,3,2016-05-14 00:00:00,2016-05-16 00:00:00,2016-05-18 00:00:00
446,W_KCSArticle.446,3,2016-05-26 00:00:00,2016-05-31 00:00:00,2016-06-08 00:00:00
447,W_KCSArticle.447,1,2016-12-11 00:00:00,2016-12-14 00:00:00,2016-12-23 00:00:00
448,W_KCSArticle.448,1,2016-04-19 00:00:00,2016-04-23 00:00:00,2016-05-02 00:00:00
449,W_KCSArticle.449,5,2017-01-30 00:00:00,2017-02-06 00:00:00,2017-02-16 00:00:00
450,W_KCSArticle.450,1,2016-08-06 00:00:00,2016-08-09 00:00:00,2016-08-14 00:00:00
451,W_KCSArticle.451,1,2016-12-09 00:00:00,2016-12-17 00:00:00,2016-12-21 00:00:00
452,W_KCSArticle.452,3,2017-03-20 00:00:00,2017-03-24 00:00:00,2017-03-30 00:00:00
453,W_KCSArticle.453,5,2016-04-28 00:00:00,2016-05-02 00:00:00,2016-05-09 00:00:00
454,W_KCSArticle.454,1,2016-04-19 00:00:00,2016-04-29 00:00:00,2016-05-07 00:00:00
455,W_KCSArticle.455,1,2016-04-30 00:00:00,2016-05-06 00:00:00,2016-05-14 00:00:00
456,W_KCSArticle.456,5,2016-09-02 00:00:00,2016-09-09 00:00:00,2016-09-18 00:00:00
457,W_KCSArticle.457,5,2016-06-28 00:00:00,2016-06-30 00:00:00,2016-07-04 00:00:00
458,W_KCSArticle.458,2,2016-07-09 00:00:00,2016-07-15 00:00:00,2016-07-23 00:00:00
459,W_KCSArticle.459,1,2017-03-20 00:00:00,2017-03-24 00:00:00,2017-04-03 00:00:00
460,W_KCSArticle.460,4,2016-10-24 00:00:00,2016-10-26 00:00:00,2016-10-29 00:00:00
461,W_KCSArticle.461,3,2017-01-09 00:00:00,2017-01-10 00:00:00,2017-01-14 00:00:00
462,W_KCSArticle.462,5,2016-10-09 00:00:00,2016-10-11 00:00:00,2016-10-18 00:00:00
463,W_KCSArticle.463,2,2016-09-17 00:00:00,2016-09-20 00:00:00,2016-09-25 00:00:00
464,W_KCSArticle.464,4,2016-09-13 00:00:00,2016-09-21 00:00:00,2016-09-29 00:00:00
465,W_KCSArticle.465,5,2016-05-19 00:00:00,2016-05-20 00:00:00,2016-05-29 00:00:00
466,W_KCSArticle.466,5,2016-07-08 00:00:00,2016-07-15 00:00:00,2016-07-19 00:00:00
467,W_KCSArticle.467,2,2017-01-13 00:00:00,2017-01-22 00:00:00,2017-01-30 00:00:00
468,W_KCSArticle.468,4,2017-03-21 00:00:00,2017-03-28 00:00:00,2017-04-02 00:00:00
469,W_KCSArticle.469,1,2016-09-23 00:00:00,2016-10-01 00:00:00,2016-10-04 00:00:00
470,W_KCSArticle.470,4,2016-11-14 00:00:00,2016-11-17 00:00:00,2016-11-21 00:00:00
471,W_KCSArticle.471,2,2017-01-25 00:00:00,2017-02-04 00:00:00,2017-02-06 00:00:00
472,W_KCSArticle.472,5,2017-04-02 00:00:00,2017-04-03 00:00:00,2017-04-09 00:00:00
473,W_KCSArticle.473,3,2016-06-21 00:00:00,2016-06-27 00:00:00,2016-07-01 00:00:00
474,W_KCSArticle.474,3,2017-02-17 00:00:00,2017-02-27 00:00:00,2017-03-01 00:00:00
475,W_KCSArticle.475,3,2016-09-29 00:00:00,2016-10-03 00:00:00,2016-10-07 00:00:00
476,W_KCSArticle.476,2,2016-09-30 00:00:00,2016-10-09 00:00:00,2016-10-11 00:00:00
477,W_KCSArticle.477,2,2017-01-09 00:00:00,2017-01-14 00:00:00,2017-01-17 00:00:00
478,W_KCSArticle.478,1,2016-05-24 00:00:00,2016-06-02 00:00:00,2016-06-05 00:00:00
479,W_KCSArticle.479,5,2016-05-15 00:00:00,2016-05-18 00:00:00,2016-05-19 00:00:00
480,W_KCSArticle.480,1,2016-04-14 00:00:00,2016-04-20 00:00:00,2016-04-24 00:00:00
481,W_KCSArticle.481,1,2016-07-01 00:00:00,2016-07-04 00:00:00,2016-07-13 00:00:00
482,W_KCSArticle.482,2,2017-03-13 00:00:00,2017-03-21 00:00:00,2017-03-27 00:00:00
483,W_KCSArticle.483,1,2016-10-12 00:00:00,2016-10-13 00:00:00,2016-10-14 00:00:00
484,W_KCSArticle.484,1,2017-03-15 00:00:00,2017-03-25 00:00:00,2017-04-01 00:00:00
485,W_KCSArticle.485,2,2016-10-11 00:00:00,2016-10-16 00:00:00,2016-10-18 00:00:00
486,W_KCSArticle.486,2,2016-11-28 00:00:00,2016-11-30 00:00:00,2016-12-01 00:00:00
487,W_KCSArticle.487,4,2016-06-25 00:00:00,2016-07-01 00:00:00,2016-07-03 00:00:00
488,W_KCSArticle.488,3,2016-04-19 00:00:00,2016-04-28 00:00:00,2016-05-01 00:00:00
489,W_KCSArticle.489,3,2016-08-22 00:00:00,2016-08-27 00:00:00,2016-08-29 00:00:00
490,W_KCSArticle.490,2,2016-06-21 00:00:00,2016-06-27 00:00:00,2016-06-29 00:00:00
491,W_KCSArticle.491,2,2017-01-29 00:00:00,2017-01-30 00:00:00,2017-02-03 00:00:00
492,W_KCSArticle.492,3,2016-11-18 00:00:00,2016-11-22 00:00:00,2016-11-24 00:00:00
493,W_KCSArticle.493,1,2016-11-03 00:00:00,2016-11-07 00:00:00,2016-11-08 00:00:00
494,W_KCSArticle.494,1,2016-12-26 00:00:00,2016-12-29 00:00:00,2017-01-02 00:00:00
495,W_KCSArticle.495,3,2016-09-11 00:00:00,2016-09-14 00:00:00,2016-09-20 00:00:00
496,W_KCSArticle.496,4,2016-05-19 00:00:00,2016-05-23 00:00:00,2016-05-25 00:00:00
497,W_KCSArticle.497,5,2016-12-14 00:00:00,2016-12-24 00:00:00,2016-12-26 00:00:00
498,W_KCSArticle.498,2,2016-08-06 00:00:00,2016-08-10 00:00:00,2016-08-19 00:00:00
499,W_KCSArticle.499,2,2016-10-16 00:00:00,2016-10-23 00:00:00,2016-11-01 00:00:00
500,W_KCSArticle.500,1,2016-10-18 00:00:00,2016-10-22 00:00:00,2016-10-27 00:00:00
501,W_KCSArticle.501,4,2016-05-23 00:00:00,2016-05-27 00:00:00,2016-06-04 00:00:00
502,W_KCSArticle.502,2,2016-12-05 00:00:00,2016-12-12 00:00:00,2016-12-20 00:00:00
503,W_KCSArticle.503,3,2016-10-11 00:00:00,2016-10-21 00:00:00,2016-10-26 00:00:00
504,W_KCSArticle.504,3,2017-04-03 00:00:00,2017-04-07 00:00:00,2017-04-14 00:00:00
505,W_KCSArticle.505,3,2016-09-26 00:00:00,2016-10-01 00:00:00,2016-10-09 00:00:00
506,W_KCSArticle.506,5,2016-10-12 00:00:00,2016-10-22 00:00:00,2016-10-31 00:00:00
507,W_KCSArticle.507,4,2016-12-10 00:00:00,2016-12-20 00:00:00,2016-12-30 00:00:00
508,W_KCSArticle.508,3,2017-02-03 00:00:00,2017-02-11 00:00:00,2017-02-17 00:00:00
509,W_KCSArticle.509,3,2017-03-06 00:00:00,2017-03-12 00:00:00,2017-03-21 00:00:00
510,W_KCSArticle.510,4,2016-06-14 00:00:00,2016-06-22 00:00:00,2016-06-27 00:00:00
511,W_KCSArticle.511,3,2016-12-09 00:00:00,2016-12-18 00:00:00,2016-12-20 00:00:00
512,W_KCSArticle.512,4,2017-04-05 00:00:00,2017-04-06 00:00:00,2017-04-07 00:00:00
513,W_KCSArticle.513,5,2017-03-29 00:00:00,2017-04-04 00:00:00,2017-04-10 00:00:00
514,W_KCSArticle.514,2,2017-04-04 00:00:00,2017-04-10 00:00:00,2017-04-17 00:00:00
515,W_KCSArticle.515,1,2016-08-07 00:00:00,2016-08-08 00:00:00,2016-08-17 00:00:00
516,W_KCSArticle.516,2,2017-04-04 00:00:00,2017-04-06 00:00:00,2017-04-14 00:00:00
517,W_KCSArticle.517,5,2016-10-22 00:00:00,2016-10-25 00:00:00,2016-10-30 00:00:00
518,W_KCSArticle.518,4,2016-10-06 00:00:00,2016-10-13 00:00:00,2016-10-21 00:00:00
519,W_KCSArticle.519,2,2017-01-10 00:00:00,2017-01-15 00:00:00,2017-01-22 00:00:00
520,W_KCSArticle.520,4,2016-11-22 00:00:00,2016-11-27 00:00:00,2016-12-02 00:00:00
521,W_KCSArticle.521,4,2017-03-26 00:00:00,2017-03-29 00:00:00,2017-03-30 00:00:00
522,W_KCSArticle.522,5,2017-01-21 00:00:00,2017-01-30 00:00:00,2017-02-02 00:00:00
523,W_KCSArticle.523,4,2016-11-18 00:00:00,2016-11-21 00:00:00,2016-11-22 00:00:00
524,W_KCSArticle.524,1,2016-11-25 00:00:00,2016-12-05 00:00:00,2016-12-12 00:00:00
525,W_KCSArticle.525,2,2017-01-11 00:00:00,2017-01-13 00:00:00,2017-01-23 00:00:00
526,W_KCSArticle.526,4,2016-10-10 00:00:00,2016-10-13 00:00:00,2016-10-23 00:00:00
527,W_KCSArticle.527,4,2016-11-23 00:00:00,2016-11-26 00:00:00,2016-12-03 00:00:00
528,W_KCSArticle.528,5,2016-09-14 00:00:00,2016-09-24 00:00:00,2016-09-25 00:00:00
529,W_KCSArticle.529,5,2017-03-27 00:00:00,2017-03-30 00:00:00,2017-04-02 00:00:00
530,W_KCSArticle.530,3,2016-12-19 00:00:00,2016-12-21 00:00:00,2016-12-27 00:00:00
531,W_KCSArticle.531,2,2017-02-14 00:00:00,2017-02-20 00:00:00,2017-02-27 00:00:00
532,W_KCSArticle.532,5,2017-01-23 00:00:00,2017-01-26 00:00:00,2017-01-31 00:00:00
533,W_KCSArticle.533,4,2016-07-24 00:00:00,2016-07-31 00:00:00,2016-08-02 00:00:00
534,W_KCSArticle.534,3,2017-01-24 00:00:00,2017-02-03 00:00:00,2017-02-06 00:00:00
535,W_KCSArticle.535,1,2016-09-15 00:00:00,2016-09-25 00:00:00,2016-09-28 00:00:00
536,W_KCSArticle.536,2,2017-02-03 00:00:00,2017-02-05 00:00:00,2017-02-13 00:00:00
537,W_KCSArticle.537,1,2016-04-29 00:00:00,2016-05-03 00:00:00,2016-05-12 00:00:00
538,W_KCSArticle.538,1,2016-09-20 00:00:00,2016-09-24 00:00:00,2016-10-04 00:00:00
539,W_KCSArticle.539,1,2016-08-26 00:00:00,2016-09-01 00:00:00,2016-09-04 00:00:00
540,W_KCSArticle.540,4,2016-12-19 00:00:00,2016-12-23 00:00:00,2016-12-26 00:00:00
541,W_KCSArticle.541,3,2016-05-15 00:00:00,2016-05-20 00:00:00,2016-05-25 00:00:00
542,W_KCSArticle.542,5,2016-09-20 00:00:00,2016-09-22 00:00:00,2016-09-26 00:00:00
543,W_KCSArticle.543,3,2017-02-24 00:00:00,2017-02-26 00:00:00,2017-03-04 00:00:00
544,W_KCSArticle.544,4,2016-07-19 00:00:00,2016-07-28 00:00:00,2016-08-07 00:00:00
545,W_KCSArticle.545,4,2016-12-21 00:00:00,2016-12-30 00:00:00,2017-01-07 00:00:00
546,W_KCSArticle.546,1,2016-06-26 00:00:00,2016-06-30 00:00:00,2016-07-07 00:00:00
547,W_KCSArticle.547,3,2017-02-07 00:00:00,2017-02-11 00:00:00,2017-02-13 00:00:00
548,W_KCSArticle.548,5,2016-11-16 00:00:00,2016-11-18 00:00:00,2016-11-21 00:00:00
549,W_KCSArticle.549,2,2017-02-09 00:00:00,2017-02-18 00:00:00,2017-02-26 00:00:00
550,W_KCSArticle.550,1,2016-11-19 00:00:00,2016-11-22 00:00:00,2016-12-01 00:00:00
551,W_KCSArticle.551,4,2016-12-20 00:00:00,2016-12-26 00:00:00,2017-01-04 00:00:00
552,W_KCSArticle.552,5,2016-12-29 00:00:00,2016-12-30 00:00:00,2017-01-04 00:00:00
553,W_KCSArticle.553,5,2017-02-21 00:00:00,2017-03-02 00:00:00,2017-03-04 00:00:00
554,W_KCSArticle.554,3,2016-12-29 00:00:00,2017-01-02 00:00:00,2017-01-10 00:00:00
555,W_KCSArticle.555,1,2017-03-02 00:00:00,2017-03-09 00:00:00,2017-03-16 00:00:00
556,W_KCSArticle.556,2,2017-03-28 00:00:00,2017-03-29 00:00:00,2017-04-01 00:00:00
557,W_KCSArticle.557,4,2016-07-02 00:00:00,2016-07-03 00:00:00,2016-07-08 00:00:00
558,W_KCSArticle.558,5,2017-04-01 00:00:00,2017-04-05 00:00:00,2017-04-10 00:00:00
559,W_KCSArticle.559,4,2016-10-23 00:00:00,2016-10-26 00:00:00,2016-10-27 00:00:00
560,W_KCSArticle.560,4,2016-04-27 00:00:00,2016-05-04 00:00:00,2016-05-11 00:00:00
561,W_KCSArticle.561,2,2016-05-06 00:00:00,2016-05-07 00:00:00,2016-05-17 00:00:00
562,W_KCSArticle.562,1,2016-10-10 00:00:00,2016-10-14 00:00:00,2016-10-24 00:00:00
563,W_KCSArticle.563,1,2016-07-18 00:00:00,2016-07-22 00:00:00,2016-07-26 00:00:00
564,W_KCSArticle.564,1,2016-07-13 00:00:00,2016-07-22 00:00:00,2016-07-27 00:00:00
565,W_KCSArticle.565,2,2016-06-19 00:00:00,2016-06-29 00:00:00,2016-07-07 00:00:00
566,W_KCSArticle.566,2,2016-11-09 00:00:00,2016-11-18 00:00:00,2016-11-21 00:00:00
567,W_KCSArticle.567,2,2016-10-14 00:00:00,2016-10-18 00:00:00,2016-10-26 00:00:00
568,W_KCSArticle.568,5,2017-02-23 00:00:00,2017-02-28 00:00:00,2017-03-09 00:00:00
569,W_KCSArticle.569,4,2017-01-29 00:00:00,2017-02-07 00:00:00,2017-02-16 00:00:00
570,W_KCSArticle.570,3,2016-10-18 00:00:00,2016-10-24 00:00:00,2016-11-03 00:00:00
571,W_KCSArticle.571,1,2017-01-04 00:00:00,2017-01-09 00:00:00,2017-01-19 00:00:00
572,W_KCSArticle.572,5,2016-12-15 00:00:00,2016-12-21 00:00:00,2016-12-24 00:00:00
573,W_KCSArticle.573,1,2016-12-11 00:00:00,2016-12-18 00:00:00,2016-12-19 00:00:00
574,W_KCSArticle.574,4,2017-02-28 00:00:00,2017-03-08 00:00:00,2017-03-17 00:00:00
575,W_KCSArticle.575,3,2016-08-04 00:00:00,2016-08-07 00:00:00,2016-08-13 00:00:00
576,W_KCSArticle.576,4,2016-10-21 00:00:00,2016-10-27 00:00:00,2016-11-05 00:00:00
577,W_KCSArticle.577,5,2016-04-13 00:00:00,2016-04-20 00:00:00,2016-04-29 00:00:00
578,W_KCSArticle.578,5,2016-08-26 00:00:00,2016-09-01 00:00:00,2016-09-02 00:00:00
579,W_KCSArticle.579,2,2016-07-14 00:00:00,2016-07-24 00:00:00,2016-07-30 00:00:00
580,W_KCSArticle.580,3,2016-06-06 00:00:00,2016-06-15 00:00:00,2016-06-20 00:00:00
581,W_KCSArticle.581,1,2017-01-08 00:00:00,2017-01-13 00:00:00,2017-01-18 00:00:00
582,W_KCSArticle.582,5,2016-12-08 00:00:00,2016-12-17 00:00:00,2016-12-19 00:00:00
583,W_KCSArticle.583,3,2017-01-31 00:00:00,2017-02-01 00:00:00,2017-02-08 00:00:00
584,W_KCSArticle.584,5,2016-12-29 00:00:00,2017-01-02 00:00:00,2017-01-03 00:00:00
585,W_KCSArticle.585,1,2016-12-22 00:00:00,2016-12-27 00:00:00,2017-01-05 00:00:00
586,W_KCSArticle.586,4,2017-02-24 00:00:00,2017-03-05 00:00:00,2017-03-14 00:00:00
587,W_KCSArticle.587,3,2016-04-19 00:00:00,2016-04-29 00:00:00,2016-05-05 00:00:00
588,W_KCSArticle.588,5,2016-05-03 00:00:00,2016-05-04 00:00:00,2016-05-10 00:00:00
589,W_KCSArticle.589,4,2016-12-03 00:00:00,2016-12-07 00:00:00,2016-12-10 00:00:00
590,W_KCSArticle.590,1,2017-02-25 00:00:00,2017-02-28 00:00:00,2017-03-03 00:00:00
591,W_KCSArticle.591,3,2017-02-19 00:00:00,2017-02-23 00:00:00,2017-03-05 00:00:00
592,W_KCSArticle.592,5,2016-09-29 00:00:00,2016-10-08 00:00:00,2016-10-10 00:00:00
593,W_KCSArticle.593,4,2016-12-19 00:00:00,2016-12-28 00:00:00,2017-01-05 00:00:00
594,W_KCSArticle.594,1,2016-10-29 00:00:00,2016-11-07 00:00:00,2016-11-13 00:00:00
595,W_KCSArticle.595,2,2016-07-08 00:00:00,2016-07-11 00:00:00,2016-07-19 00:00:00
596,W_KCSArticle.596,1,2016-12-28 00:00:00,2017-01-07 00:00:00,2017-01-15 00:00:00
597,W_KCSArticle.597,1,2016-07-28 00:00:00,2016-08-03 00:00:00,2016-08-11 00:00:00
598,W_KCSArticle.598,5,2016-06-13 00:00:00,2016-06-17 00:00:00,2016-06-25 00:00:00
599,W_KCSArticle.599,5,2016-12-17 00:00:00,2016-12-22 00:00:00,2016-12-27 00:00:00
600,W_KCSArticle.600,1,2017-02-24 00:00:00,2017-03-01 00:00:00,2017-03-11 00:00:00
601,W_KCSArticle.601,3,2017-03-12 00:00:00,2017-03-19 00:00:00,2017-03-22 00:00:00
602,W_KCSArticle.602,2,2016-04-16 00:00:00,2016-04-18 00:00:00,2016-04-25 00:00:00
603,W_KCSArticle.603,3,2016-09-06 00:00:00,2016-09-08 00:00:00,2016-09-11 00:00:00
604,W_KCSArticle.604,1,2016-04-14 00:00:00,2016-04-21 00:00:00,2016-04-27 00:00:00
605,W_KCSArticle.605,3,2016-08-10 00:00:00,2016-08-16 00:00:00,2016-08-24 00:00:00
606,W_KCSArticle.606,2,2017-04-10 00:00:00,2017-04-11 00:00:00,2017-04-16 00:00:00
607,W_KCSArticle.607,5,2016-11-06 00:00:00,2016-11-14 00:00:00,2016-11-22 00:00:00
608,W_KCSArticle.608,2,2016-10-31 00:00:00,2016-11-06 00:00:00,2016-11-11 00:00:00
609,W_KCSArticle.609,2,2017-04-06 00:00:00,2017-04-07 00:00:00,2017-04-08 00:00:00
610,W_KCSArticle.610,2,2016-08-12 00:00:00,2016-08-14 00:00:00,2016-08-16 00:00:00
611,W_KCSArticle.611,4,2017-04-04 00:00:00,2017-04-10 00:00:00,2017-04-20 00:00:00
612,W_KCSArticle.612,1,2017-02-15 00:00:00,2017-02-16 00:00:00,2017-02-26 00:00:00
613,W_KCSArticle.613,2,2016-08-12 00:00:00,2016-08-17 00:00:00,2016-08-27 00:00:00
614,W_KCSArticle.614,3,2017-04-11 00:00:00,2017-04-13 00:00:00,2017-04-17 00:00:00
615,W_KCSArticle.615,1,2017-02-25 00:00:00,2017-03-01 00:00:00,2017-03-03 00:00:00
616,W_KCSArticle.616,2,2017-03-21 00:00:00,2017-03-31 00:00:00,2017-04-05 00:00:00
617,W_KCSArticle.617,5,2017-03-04 00:00:00,2017-03-12 00:00:00,2017-03-17 00:00:00
618,W_KCSArticle.618,2,2016-05-11 00:00:00,2016-05-17 00:00:00,2016-05-23 00:00:00
619,W_KCSArticle.619,4,2017-01-28 00:00:00,2017-01-31 00:00:00,2017-02-07 00:00:00
620,W_KCSArticle.620,2,2017-01-27 00:00:00,2017-01-29 00:00:00,2017-02-07 00:00:00
621,W_KCSArticle.621,4,2016-10-11 00:00:00,2016-10-21 00:00:00,2016-10-26 00:00:00
622,W_KCSArticle.622,5,2017-03-26 00:00:00,2017-03-27 00:00:00,2017-03-30 00:00:00
623,W_KCSArticle.623,2,2016-06-30 00:00:00,2016-07-08 00:00:00,2016-07-14 00:00:00
624,W_KCSArticle.624,3,2017-01-17 00:00:00,2017-01-25 00:00:00,2017-02-02 00:00:00
625,W_KCSArticle.625,2,2016-05-30 00:00:00,2016-06-09 00:00:00,2016-06-12 00:00:00
626,W_KCSArticle.626,5,2016-06-07 00:00:00,2016-06-14 00:00:00,2016-06-23 00:00:00
627,W_KCSArticle.627,3,2016-05-26 00:00:00,2016-06-01 00:00:00,2016-06-07 00:00:00
628,W_KCSArticle.628,1,2017-01-08 00:00:00,2017-01-15 00:00:00,2017-01-20 00:00:00
629,W_KCSArticle.629,1,2016-12-13 00:00:00,2016-12-18 00:00:00,2016-12-28 00:00:00
630,W_KCSArticle.630,3,2016-08-03 00:00:00,2016-08-12 00:00:00,2016-08-18 00:00:00
631,W_KCSArticle.631,3,2016-07-16 00:00:00,2016-07-21 00:00:00,2016-07-28 00:00:00
632,W_KCSArticle.632,4,2017-01-08 00:00:00,2017-01-12 00:00:00,2017-01-22 00:00:00
633,W_KCSArticle.633,3,2016-04-12 00:00:00,2016-04-15 00:00:00,2016-04-22 00:00:00
634,W_KCSArticle.634,4,2017-02-18 00:00:00,2017-02-25 00:00:00,2017-03-04 00:00:00
635,W_KCSArticle.635,2,2017-03-07 00:00:00,2017-03-14 00:00:00,2017-03-23 00:00:00
636,W_KCSArticle.636,3,2017-04-09 00:00:00,2017-04-13 00:00:00,2017-04-21 00:00:00
637,W_KCSArticle.637,2,2016-09-28 00:00:00,2016-10-04 00:00:00,2016-10-14 00:00:00
638,W_KCSArticle.638,4,2016-09-08 00:00:00,2016-09-09 00:00:00,2016-09-14 00:00:00
639,W_KCSArticle.639,4,2017-03-28 00:00:00,2017-03-29 00:00:00,2017-04-02 00:00:00
640,W_KCSArticle.640,1,2016-08-02 00:00:00,2016-08-12 00:00:00,2016-08-21 00:00:00
641,W_KCSArticle.641,1,2016-09-08 00:00:00,2016-09-15 00:00:00,2016-09-22 00:00:00
642,W_KCSArticle.642,2,2017-03-31 00:00:00,2017-04-08 00:00:00,2017-04-13 00:00:00
643,W_KCSArticle.643,1,2016-09-23 00:00:00,2016-09-26 00:00:00,2016-10-03 00:00:00
644,W_KCSArticle.644,4,2017-02-15 00:00:00,2017-02-20 00:00:00,2017-02-21 00:00:00
645,W_KCSArticle.645,1,2017-03-20 00:00:00,2017-03-29 00:00:00,2017-04-04 00:00:00
646,W_KCSArticle.646,4,2016-11-29 00:00:00,2016-12-01 00:00:00,2016-12-03 00:00:00
647,W_KCSArticle.647,3,2017-03-07 00:00:00,2017-03-08 00:00:00,2017-03-18 00:00:00
648,W_KCSArticle.648,2,2016-09-20 00:00:00,2016-09-21 00:00:00,2016-09-26 00:00:00
649,W_KCSArticle.649,3,2017-01-15 00:00:00,2017-01-21 00:00:00,2017-01-25 00:00:00
650,W_KCSArticle.650,3,2016-11-20 00:00:00,2016-11-24 00:00:00,2016-12-04 00:00:00
651,W_KCSArticle.651,4,2017-03-27 00:00:00,2017-04-01 00:00:00,2017-04-10 00:00:00
652,W_KCSArticle.652,3,2017-01-29 00:00:00,2017-02-05 00:00:00,2017-02-12 00:00:00
653,W_KCSArticle.653,1,2016-06-07 00:00:00,2016-06-11 00:00:00,2016-06-12 00:00:00
654,W_KCSArticle.654,4,2016-06-18 00:00:00,2016-06-24 00:00:00,2016-07-04 00:00:00
655,W_KCSArticle.655,2,2016-06-14 00:00:00,2016-06-15 00:00:00,2016-06-25 00:00:00
656,W_KCSArticle.656,3,2016-06-29 00:00:00,2016-06-30 00:00:00,2016-07-01 00:00:00
657,W_KCSArticle.657,4,2017-04-10 00:00:00,2017-04-20 00:00:00,2017-04-23 00:00:00
658,W_KCSArticle.658,2,2016-09-06 00:00:00,2016-09-16 00:00:00,2016-09-24 00:00:00
659,W_KCSArticle.659,5,2016-06-07 00:00:00,2016-06-16 00:00:00,2016-06-21 00:00:00
660,W_KCSArticle.660,4,2016-07-18 00:00:00,2016-07-19 00:00:00,2016-07-26 00:00:00
661,W_KCSArticle.661,2,2016-10-13 00:00:00,2016-10-23 00:00:00,2016-10-30 00:00:00
662,W_KCSArticle.662,5,2016-05-16 00:00:00,2016-05-21 00:00:00,2016-05-26 00:00:00
663,W_KCSArticle.663,2,2016-12-27 00:00:00,2017-01-01 00:00:00,2017-01-05 00:00:00
664,W_KCSArticle.664,1,2016-12-19 00:00:00,2016-12-26 00:00:00,2016-12-27 00:00:00
665,W_KCSArticle.665,4,2017-02-15 00:00:00,2017-02-21 00:00:00,2017-02-23 00:00:00
666,W_KCSArticle.666,3,2016-08-25 00:00:00,2016-08-27 00:00:00,2016-09-04 00:00:00
667,W_KCSArticle.667,2,2017-03-18 00:00:00,2017-03-26 00:00:00,2017-03-27 00:00:00
668,W_KCSArticle.668,1,2017-02-14 00:00:00,2017-02-19 00:00:00,2017-02-28 00:00:00
669,W_KCSArticle.669,1,2017-01-24 00:00:00,2017-01-27 00:00:00,2017-01-30 00:00:00
670,W_KCSArticle.670,5,2016-07-08 00:00:00,2016-07-10 00:00:00,2016-07-12 00:00:00
671,W_KCSArticle.671,4,2016-06-26 00:00:00,2016-07-02 00:00:00,2016-07-05 00:00:00
672,W_KCSArticle.672,2,2016-05-20 00:00:00,2016-05-26 00:00:00,2016-05-31 00:00:00
673,W_KCSArticle.673,4,2016-09-18 00:00:00,2016-09-20 00:00:00,2016-09-26 00:00:00
674,W_KCSArticle.674,5,2016-08-29 00:00:00,2016-09-08 00:00:00,2016-09-13 00:00:00
675,W_KCSArticle.675,5,2017-01-23 00:00:00,2017-01-24 00:00:00,2017-01-29 00:00:00
676,W_KCSArticle.676,2,2016-05-19 00:00:00,2016-05-25 00:00:00,2016-05-30 00:00:00
677,W_KCSArticle.677,4,2016-11-09 00:00:00,2016-11-18 00:00:00,2016-11-20 00:00:00
678,W_KCSArticle.678,3,2016-09-09 00:00:00,2016-09-17 00:00:00,2016-09-22 00:00:00
679,W_KCSArticle.679,5,2017-01-23 00:00:00,2017-01-27 00:00:00,2017-02-05 00:00:00
680,W_KCSArticle.680,1,2016-09-05 00:00:00,2016-09-09 00:00:00,2016-09-13 00:00:00
681,W_KCSArticle.681,1,2016-09-28 00:00:00,2016-09-30 00:00:00,2016-10-04 00:00:00
682,W_KCSArticle.682,3,2017-03-03 00:00:00,2017-03-09 00:00:00,2017-03-19 00:00:00
683,W_KCSArticle.683,1,2017-03-30 00:00:00,2017-04-05 00:00:00,2017-04-06 00:00:00
684,W_KCSArticle.684,3,2016-11-13 00:00:00,2016-11-18 00:00:00,2016-11-22 00:00:00
685,W_KCSArticle.685,2,2017-02-15 00:00:00,2017-02-20 00:00:00,2017-03-02 00:00:00
686,W_KCSArticle.686,2,2017-01-26 00:00:00,2017-02-01 00:00:00,2017-02-11 00:00:00
687,W_KCSArticle.687,3,2016-12-09 00:00:00,2016-12-18 00:00:00,2016-12-24 00:00:00
688,W_KCSArticle.688,5,2016-05-20 00:00:00,2016-05-24 00:00:00,2016-06-02 00:00:00
689,W_KCSArticle.689,3,2016-10-21 00:00:00,2016-10-23 00:00:00,2016-11-02 00:00:00
690,W_KCSArticle.690,1,2016-05-21 00:00:00,2016-05-30 00:00:00,2016-06-07 00:00:00
691,W_KCSArticle.691,2,2016-06-14 00:00:00,2016-06-19 00:00:00,2016-06-21 00:00:00
692,W_KCSArticle.692,2,2017-01-27 00:00:00,2017-02-04 00:00:00,2017-02-13 00:00:00
693,W_KCSArticle.693,3,2016-04-13 00:00:00,2016-04-20 00:00:00,2016-04-21 00:00:00
694,W_KCSArticle.694,5,2016-04-15 00:00:00,2016-04-21 00:00:00,2016-04-28 00:00:00
695,W_KCSArticle.695,2,2016-08-26 00:00:00,2016-08-30 00:00:00,2016-09-02 00:00:00
696,W_KCSArticle.696,1,2017-01-20 00:00:00,2017-01-27 00:00:00,2017-01-30 00:00:00
697,W_KCSArticle.697,4,2016-09-30 00:00:00,2016-10-10 00:00:00,2016-10-12 00:00:00
698,W_KCSArticle.698,1,2016-11-11 00:00:00,2016-11-17 00:00:00,2016-11-19 00:00:00
699,W_KCSArticle.699,2,2017-03-28 00:00:00,2017-04-05 00:00:00,2017-04-12 00:00:00
700,W_KCSArticle.700,2,2016-10-11 00:00:00,2016-10-20 00:00:00,2016-10-28 00:00:00
701,W_KCSArticle.701,2,2016-09-09 00:00:00,2016-09-15 00:00:00,2016-09-21 00:00:00
702,W_KCSArticle.702,2,2017-01-21 00:00:00,2017-01-31 00:00:00,2017-02-05 00:00:00
703,W_KCSArticle.703,1,2016-07-14 00:00:00,2016-07-15 00:00:00,2016-07-24 00:00:00
704,W_KCSArticle.704,1,2016-06-07 00:00:00,2016-06-10 00:00:00,2016-06-11 00:00:00
705,W_KCSArticle.705,3,2016-12-05 00:00:00,2016-12-06 00:00:00,2016-12-07 00:00:00
706,W_KCSArticle.706,3,2016-05-17 00:00:00,2016-05-24 00:00:00,2016-06-03 00:00:00
707,W_KCSArticle.707,3,2016-05-19 00:00:00,2016-05-28 00:00:00,2016-06-02 00:00:00
708,W_KCSArticle.708,1,2016-04-26 00:00:00,2016-05-04 00:00:00,2016-05-05 00:00:00
709,W_KCSArticle.709,3,2017-01-08 00:00:00,2017-01-15 00:00:00,2017-01-24 00:00:00
710,W_KCSArticle.710,3,2017-03-31 00:00:00,2017-04-03 00:00:00,2017-04-04 00:00:00
711,W_KCSArticle.711,3,2017-02-07 00:00:00,2017-02-17 00:00:00,2017-02-20 00:00:00
712,W_KCSArticle.712,3,2016-12-09 00:00:00,2016-12-19 00:00:00,2016-12-22 00:00:00
713,W_KCSArticle.713,4,2016-06-09 00:00:00,2016-06-14 00:00:00,2016-06-21 00:00:00
714,W_KCSArticle.714,5,2016-11-25 00:00:00,2016-12-03 00:00:00,2016-12-06 00:00:00
715,W_KCSArticle.715,5,2016-10-13 00:00:00,2016-10-23 00:00:00,2016-11-01 00:00:00
716,W_KCSArticle.716,1,2017-03-18 00:00:00,2017-03-25 00:00:00,2017-03-30 00:00:00
717,W_KCSArticle.717,3,2016-08-08 00:00:00,2016-08-16 00:00:00,2016-08-20 00:00:00
718,W_KCSArticle.718,4,2016-10-11 00:00:00,2016-10-13 00:00:00,2016-10-23 00:00:00
719,W_KCSArticle.719,4,2016-12-27 00:00:00,2016-12-29 00:00:00,2017-01-02 00:00:00
720,W_KCSArticle.720,5,2016-05-19 00:00:00,2016-05-28 00:00:00,2016-06-03 00:00:00
721,W_KCSArticle.721,5,2016-08-13 00:00:00,2016-08-20 00:00:00,2016-08-22 00:00:00
722,W_KCSArticle.722,5,2016-06-08 00:00:00,2016-06-10 00:00:00,2016-06-16 00:00:00
723,W_KCSArticle.723,4,2016-12-07 00:00:00,2016-12-12 00:00:00,2016-12-19 00:00:00
724,W_KCSArticle.724,3,2016-05-18 00:00:00,2016-05-20 00:00:00,2016-05-27 00:00:00
725,W_KCSArticle.725,1,2017-03-13 00:00:00,2017-03-15 00:00:00,2017-03-20 00:00:00
726,W_KCSArticle.726,5,2016-12-25 00:00:00,2016-12-29 00:00:00,2017-01-02 00:00:00
727,W_KCSArticle.727,5,2016-05-07 00:00:00,2016-05-12 00:00:00,2016-05-18 00:00:00
728,W_KCSArticle.728,4,2017-01-14 00:00:00,2017-01-19 00:00:00,2017-01-27 00:00:00
729,W_KCSArticle.729,1,2016-05-18 00:00:00,2016-05-24 00:00:00,2016-06-02 00:00:00
730,W_KCSArticle.730,2,2016-07-02 00:00:00,2016-07-04 00:00:00,2016-07-13 00:00:00
731,W_KCSArticle.731,3,2016-10-23 00:00:00,2016-10-25 00:00:00,2016-11-03 00:00:00
732,W_KCSArticle.732,2,2016-11-20 00:00:00,2016-11-24 00:00:00,2016-12-01 00:00:00
733,W_KCSArticle.733,5,2016-09-21 00:00:00,2016-09-26 00:00:00,2016-10-04 00:00:00
734,W_KCSArticle.734,3,2016-06-30 00:00:00,2016-07-10 00:00:00,2016-07-13 00:00:00
735,W_KCSArticle.735,5,2016-11-03 00:00:00,2016-11-08 00:00:00,2016-11-14 00:00:00
736,W_KCSArticle.736,1,2016-07-07 00:00:00,2016-07-14 00:00:00,2016-07-16 00:00:00
737,W_KCSArticle.737,5,2017-03-10 00:00:00,2017-03-17 00:00:00,2017-03-21 00:00:00
738,W_KCSArticle.738,3,2016-10-04 00:00:00,2016-10-10 00:00:00,2016-10-18 00:00:00
739,W_KCSArticle.739,3,2017-01-22 00:00:00,2017-01-31 00:00:00,2017-02-04 00:00:00
740,W_KCSArticle.740,1,2017-03-01 00:00:00,2017-03-02 00:00:00,2017-03-05 00:00:00
741,W_KCSArticle.741,2,2016-09-02 00:00:00,2016-09-10 00:00:00,2016-09-20 00:00:00
742,W_KCSArticle.742,5,2016-06-24 00:00:00,2016-07-03 00:00:00,2016-07-07 00:00:00
743,W_KCSArticle.743,4,2016-08-27 00:00:00,2016-08-31 00:00:00,2016-09-04 00:00:00
744,W_KCSArticle.744,1,2016-10-06 00:00:00,2016-10-08 00:00:00,2016-10-17 00:00:00
745,W_KCSArticle.745,4,2016-11-03 00:00:00,2016-11-05 00:00:00,2016-11-09 00:00:00
746,W_KCSArticle.746,2,2016-12-21 00:00:00,2016-12-30 00:00:00,2017-01-05 00:00:00
747,W_KCSArticle.747,5,2017-04-08 00:00:00,2017-04-12 00:00:00,2017-04-17 00:00:00
748,W_KCSArticle.748,2,2017-01-04 00:00:00,2017-01-13 00:00:00,2017-01-22 00:00:00
749,W_KCSArticle.749,5,2016-06-26 00:00:00,2016-06-29 00:00:00,2016-07-03 00:00:00
750,W_KCSArticle.750,1,2016-05-20 00:00:00,2016-05-29 00:00:00,2016-06-04 00:00:00
751,W_KCSArticle.751,5,2016-10-12 00:00:00,2016-10-17 00:00:00,2016-10-24 00:00:00
752,W_KCSArticle.752,2,2017-01-27 00:00:00,2017-02-01 00:00:00,2017-02-04 00:00:00
753,W_KCSArticle.753,1,2016-07-04 00:00:00,2016-07-14 00:00:00,2016-07-24 00:00:00
754,W_KCSArticle.754,2,2016-08-10 00:00:00,2016-08-17 00:00:00,2016-08-23 00:00:00
755,W_KCSArticle.755,1,2017-03-24 00:00:00,2017-03-31 00:00:00,2017-04-04 00:00:00
756,W_KCSArticle.756,1,2016-07-09 00:00:00,2016-07-14 00:00:00,2016-07-21 00:00:00
757,W_KCSArticle.757,1,2016-06-16 00:00:00,2016-06-19 00:00:00,2016-06-20 00:00:00
758,W_KCSArticle.758,3,2016-09-26 00:00:00,2016-10-02 00:00:00,2016-10-07 00:00:00
759,W_KCSArticle.759,5,2016-09-17 00:00:00,2016-09-27 00:00:00,2016-10-05 00:00:00
760,W_KCSArticle.760,1,2016-09-02 00:00:00,2016-09-03 00:00:00,2016-09-13 00:00:00
761,W_KCSArticle.761,3,2016-10-06 00:00:00,2016-10-09 00:00:00,2016-10-19 00:00:00
762,W_KCSArticle.762,2,2016-08-14 00:00:00,2016-08-23 00:00:00,2016-09-02 00:00:00
763,W_KCSArticle.763,3,2016-10-02 00:00:00,2016-10-07 00:00:00,2016-10-11 00:00:00
764,W_KCSArticle.764,2,2016-06-24 00:00:00,2016-07-04 00:00:00,2016-07-13 00:00:00
765,W_KCSArticle.765,3,2017-02-02 00:00:00,2017-02-09 00:00:00,2017-02-13 00:00:00
766,W_KCSArticle.766,2,2016-09-05 00:00:00,2016-09-13 00:00:00,2016-09-18 00:00:00
767,W_KCSArticle.767,2,2017-04-04 00:00:00,2017-04-05 00:00:00,2017-04-11 00:00:00
768,W_KCSArticle.768,4,2016-10-26 00:00:00,2016-10-31 00:00:00,2016-11-07 00:00:00
769,W_KCSArticle.769,5,2017-04-06 00:00:00,2017-04-11 00:00:00,2017-04-15 00:00:00
770,W_KCSArticle.770,2,2017-01-09 00:00:00,2017-01-18 00:00:00,2017-01-26 00:00:00
771,W_KCSArticle.771,5,2016-09-26 00:00:00,2016-10-03 00:00:00,2016-10-11 00:00:00
772,W_KCSArticle.772,5,2016-04-19 00:00:00,2016-04-24 00:00:00,2016-04-26 00:00:00
773,W_KCSArticle.773,3,2016-10-02 00:00:00,2016-10-04 00:00:00,2016-10-14 00:00:00
774,W_KCSArticle.774,2,2016-09-01 00:00:00,2016-09-10 00:00:00,2016-09-14 00:00:00
775,W_KCSArticle.775,1,2016-11-25 00:00:00,2016-11-28 00:00:00,2016-12-07 00:00:00
776,W_KCSArticle.776,4,2016-05-26 00:00:00,2016-05-30 00:00:00,2016-06-03 00:00:00
777,W_KCSArticle.777,4,2016-07-13 00:00:00,2016-07-16 00:00:00,2016-07-19 00:00:00
778,W_KCSArticle.778,3,2016-11-23 00:00:00,2016-11-25 00:00:00,2016-11-29 00:00:00
779,W_KCSArticle.779,5,2016-04-22 00:00:00,2016-04-25 00:00:00,2016-04-27 00:00:00
780,W_KCSArticle.780,4,2016-08-25 00:00:00,2016-09-01 00:00:00,2016-09-08 00:00:00
781,W_KCSArticle.781,3,2017-01-13 00:00:00,2017-01-17 00:00:00,2017-01-21 00:00:00
782,W_KCSArticle.782,1,2016-07-24 00:00:00,2016-07-30 00:00:00,2016-08-05 00:00:00
783,W_KCSArticle.783,2,2016-12-06 00:00:00,2016-12-13 00:00:00,2016-12-22 00:00:00
784,W_KCSArticle.784,5,2016-10-06 00:00:00,2016-10-12 00:00:00,2016-10-13 00:00:00
785,W_KCSArticle.785,1,2016-05-17 00:00:00,2016-05-27 00:00:00,2016-06-04 00:00:00
786,W_KCSArticle.786,4,2016-08-05 00:00:00,2016-08-06 00:00:00,2016-08-14 00:00:00
787,W_KCSArticle.787,3,2017-03-25 00:00:00,2017-04-01 00:00:00,2017-04-11 00:00:00
788,W_KCSArticle.788,5,2016-04-30 00:00:00,2016-05-08 00:00:00,2016-05-09 00:00:00
789,W_KCSArticle.789,2,2016-09-27 00:00:00,2016-10-02 00:00:00,2016-10-06 00:00:00
790,W_KCSArticle.790,2,2017-01-25 00:00:00,2017-02-02 00:00:00,2017-02-07 00:00:00
791,W_KCSArticle.791,5,2017-01-20 00:00:00,2017-01-24 00:00:00,2017-01-25 00:00:00
792,W_KCSArticle.792,5,2016-08-19 00:00:00,2016-08-27 00:00:00,2016-08-30 00:00:00
793,W_KCSArticle.793,2,2016-06-29 00:00:00,2016-07-03 00:00:00,2016-07-09 00:00:00
794,W_KCSArticle.794,3,2016-05-29 00:00:00,2016-06-08 00:00:00,2016-06-18 00:00:00
795,W_KCSArticle.795,4,2016-11-28 00:00:00,2016-12-05 00:00:00,2016-12-14 00:00:00
796,W_KCSArticle.796,5,2016-12-27 00:00:00,2017-01-03 00:00:00,2017-01-13 00:00:00
797,W_KCSArticle.797,4,2017-02-06 00:00:00,2017-02-09 00:00:00,2017-02-19 00:00:00
798,W_KCSArticle.798,5,2016-10-23 00:00:00,2016-11-02 00:00:00,2016-11-10 00:00:00
799,W_KCSArticle.799,5,2016-10-06 00:00:00,2016-10-15 00:00:00,2016-10-25 00:00:00
800,W_KCSArticle.800,3,2016-08-31 00:00:00,2016-09-05 00:00:00,2016-09-14 00:00:00
801,W_KCSArticle.801,4,2016-08-12 00:00:00,2016-08-16 00:00:00,2016-08-17 00:00:00
802,W_KCSArticle.802,2,2016-08-18 00:00:00,2016-08-28 00:00:00,2016-09-01 00:00:00
803,W_KCSArticle.803,5,2017-01-16 00:00:00,2017-01-17 00:00:00,2017-01-18 00:00:00
804,W_KCSArticle.804,3,2016-08-28 00:00:00,2016-09-07 00:00:00,2016-09-15 00:00:00
805,W_KCSArticle.805,4,2016-10-19 00:00:00,2016-10-28 00:00:00,2016-11-07 00:00:00
806,W_KCSArticle.806,1,2016-07-07 00:00:00,2016-07-09 00:00:00,2016-07-11 00:00:00
807,W_KCSArticle.807,2,2016-06-14 00:00:00,2016-06-15 00:00:00,2016-06-23 00:00:00
808,W_KCSArticle.808,1,2016-05-21 00:00:00,2016-05-30 00:00:00,2016-06-06 00:00:00
809,W_KCSArticle.809,1,2016-12-23 00:00:00,2017-01-01 00:00:00,2017-01-09 00:00:00
810,W_KCSArticle.810,5,2017-03-15 00:00:00,2017-03-23 00:00:00,2017-03-31 00:00:00
811,W_KCSArticle.811,3,2017-04-09 00:00:00,2017-04-14 00:00:00,2017-04-19 00:00:00
812,W_KCSArticle.812,5,2017-02-10 00:00:00,2017-02-11 00:00:00,2017-02-18 00:00:00
813,W_KCSArticle.813,3,2016-10-12 00:00:00,2016-10-21 00:00:00,2016-10-28 00:00:00
814,W_KCSArticle.814,4,2016-08-02 00:00:00,2016-08-09 00:00:00,2016-08-14 00:00:00
815,W_KCSArticle.815,3,2016-07-20 00:00:00,2016-07-23 00:00:00,2016-07-30 00:00:00
816,W_KCSArticle.816,4,2016-10-08 00:00:00,2016-10-18 00:00:00,2016-10-21 00:00:00
817,W_KCSArticle.817,4,2017-01-10 00:00:00,2017-01-20 00:00:00,2017-01-21 00:00:00
818,W_KCSArticle.818,2,2017-03-09 00:00:00,2017-03-12 00:00:00,2017-03-19 00:00:00
819,W_KCSArticle.819,3,2016-05-12 00:00:00,2016-05-19 00:00:00,2016-05-22 00:00:00
820,W_KCSArticle.820,5,2016-05-29 00:00:00,2016-06-06 00:00:00,2016-06-11 00:00:00
821,W_KCSArticle.821,3,2016-12-24 00:00:00,2016-12-30 00:00:00,2017-01-04 00:00:00
822,W_KCSArticle.822,2,2016-06-15 00:00:00,2016-06-16 00:00:00,2016-06-21 00:00:00
823,W_KCSArticle.823,1,2016-12-06 00:00:00,2016-12-08 00:00:00,2016-12-16 00:00:00
824,W_KCSArticle.824,2,2017-02-12 00:00:00,2017-02-20 00:00:00,2017-02-23 00:00:00
825,W_KCSArticle.825,5,2016-05-01 00:00:00,2016-05-09 00:00:00,2016-05-19 00:00:00
826,W_KCSArticle.826,4,2016-09-25 00:00:00,2016-10-05 00:00:00,2016-10-06 00:00:00
827,W_KCSArticle.827,5,2016-07-12 00:00:00,2016-07-15 00:00:00,2016-07-18 00:00:00
828,W_KCSArticle.828,2,2016-05-07 00:00:00,2016-05-13 00:00:00,2016-05-19 00:00:00
829,W_KCSArticle.829,4,2016-04-22 00:00:00,2016-04-24 00:00:00,2016-05-04 00:00:00
830,W_KCSArticle.830,3,2016-12-11 00:00:00,2016-12-16 00:00:00,2016-12-20 00:00:00
831,W_KCSArticle.831,3,2017-03-24 00:00:00,2017-03-25 00:00:00,2017-03-27 00:00:00
832,W_KCSArticle.832,2,2017-03-17 00:00:00,2017-03-21 00:00:00,2017-03-26 00:00:00
833,W_KCSArticle.833,3,2016-05-17 00:00:00,2016-05-21 00:00:00,2016-05-28 00:00:00
834,W_KCSArticle.834,4,2016-04-24 00:00:00,2016-04-28 00:00:00,2016-05-05 00:00:00
835,W_KCSArticle.835,3,2016-06-01 00:00:00,2016-06-08 00:00:00,2016-06-11 00:00:00
836,W_KCSArticle.836,4,2016-10-10 00:00:00,2016-10-13 00:00:00,2016-10-14 00:00:00
837,W_KCSArticle.837,3,2016-05-08 00:00:00,2016-05-12 00:00:00,2016-05-14 00:00:00
838,W_KCSArticle.838,5,2017-01-21 00:00:00,2017-01-29 00:00:00,2017-02-04 00:00:00
839,W_KCSArticle.839,2,2016-12-01 00:00:00,2016-12-04 00:00:00,2016-12-11 00:00:00
840,W_KCSArticle.840,3,2016-05-21 00:00:00,2016-05-28 00:00:00,2016-06-06 00:00:00
841,W_KCSArticle.841,5,2016-10-14 00:00:00,2016-10-18 00:00:00,2016-10-24 00:00:00
842,W_KCSArticle.842,5,2016-06-09 00:00:00,2016-06-14 00:00:00,2016-06-20 00:00:00
843,W_KCSArticle.843,1,2017-03-30 00:00:00,2017-03-31 00:00:00,2017-04-08 00:00:00
844,W_KCSArticle.844,4,2017-01-08 00:00:00,2017-01-14 00:00:00,2017-01-18 00:00:00
845,W_KCSArticle.845,4,2017-02-04 00:00:00,2017-02-07 00:00:00,2017-02-15 00:00:00
846,W_KCSArticle.846,4,2016-10-11 00:00:00,2016-10-18 00:00:00,2016-10-24 00:00:00
847,W_KCSArticle.847,3,2016-04-23 00:00:00,2016-05-02 00:00:00,2016-05-09 00:00:00
848,W_KCSArticle.848,1,2016-11-18 00:00:00,2016-11-22 00:00:00,2016-11-29 00:00:00
849,W_KCSArticle.849,3,2016-11-22 00:00:00,2016-11-24 00:00:00,2016-11-25 00:00:00
850,W_KCSArticle.850,2,2016-10-02 00:00:00,2016-10-10 00:00:00,2016-10-20 00:00:00
851,W_KCSArticle.851,1,2016-11-10 00:00:00,2016-11-15 00:00:00,2016-11-25 00:00:00
852,W_KCSArticle.852,1,2016-10-09 00:00:00,2016-10-16 00:00:00,2016-10-25 00:00:00
853,W_KCSArticle.853,1,2016-11-04 00:00:00,2016-11-08 00:00:00,2016-11-11 00:00:00
854,W_KCSArticle.854,5,2016-06-02 00:00:00,2016-06-11 00:00:00,2016-06-19 00:00:00
855,W_KCSArticle.855,4,2017-01-14 00:00:00,2017-01-22 00:00:00,2017-01-29 00:00:00
856,W_KCSArticle.856,2,2017-03-15 00:00:00,2017-03-17 00:00:00,2017-03-23 00:00:00
857,W_KCSArticle.857,5,2017-01-28 00:00:00,2017-02-04 00:00:00,2017-02-10 00:00:00
858,W_KCSArticle.858,2,2016-05-26 00:00:00,2016-05-30 00:00:00,2016-06-06 00:00:00
859,W_KCSArticle.859,1,2017-01-18 00:00:00,2017-01-26 00:00:00,2017-02-05 00:00:00
860,W_KCSArticle.860,4,2017-02-08 00:00:00,2017-02-13 00:00:00,2017-02-15 00:00:00
861,W_KCSArticle.861,3,2016-08-11 00:00:00,2016-08-18 00:00:00,2016-08-28 00:00:00
862,W_KCSArticle.862,4,2017-02-17 00:00:00,2017-02-27 00:00:00,2017-03-06 00:00:00
863,W_KCSArticle.863,1,2016-08-22 00:00:00,2016-08-30 00:00:00,2016-09-07 00:00:00
864,W_KCSArticle.864,4,2016-12-18 00:00:00,2016-12-25 00:00:00,2016-12-31 00:00:00
865,W_KCSArticle.865,5,2016-04-21 00:00:00,2016-04-24 00:00:00,2016-04-27 00:00:00
866,W_KCSArticle.866,3,2016-04-22 00:00:00,2016-04-25 00:00:00,2016-04-29 00:00:00
867,W_KCSArticle.867,3,2016-07-23 00:00:00,2016-07-29 00:00:00,2016-08-06 00:00:00
868,W_KCSArticle.868,2,2017-02-23 00:00:00,2017-02-28 00:00:00,2017-03-04 00:00:00
869,W_KCSArticle.869,2,2016-05-25 00:00:00,2016-05-27 00:00:00,2016-05-29 00:00:00
870,W_KCSArticle.870,4,2016-11-07 00:00:00,2016-11-12 00:00:00,2016-11-18 00:00:00
871,W_KCSArticle.871,1,2016-10-26 00:00:00,2016-11-03 00:00:00,2016-11-04 00:00:00
872,W_KCSArticle.872,5,2016-11-19 00:00:00,2016-11-20 00:00:00,2016-11-26 00:00:00
873,W_KCSArticle.873,3,2016-06-02 00:00:00,2016-06-08 00:00:00,2016-06-10 00:00:00
874,W_KCSArticle.874,3,2017-03-22 00:00:00,2017-03-31 00:00:00,2017-04-06 00:00:00
875,W_KCSArticle.875,1,2017-04-06 00:00:00,2017-04-12 00:00:00,2017-04-22 00:00:00
876,W_KCSArticle.876,4,2017-04-10 00:00:00,2017-04-19 00:00:00,2017-04-29 00:00:00
877,W_KCSArticle.877,1,2017-01-28 00:00:00,2017-02-07 00:00:00,2017-02-16 00:00:00
878,W_KCSArticle.878,3,2017-01-02 00:00:00,2017-01-06 00:00:00,2017-01-11 00:00:00
879,W_KCSArticle.879,2,2017-01-05 00:00:00,2017-01-12 00:00:00,2017-01-22 00:00:00
880,W_KCSArticle.880,2,2016-06-28 00:00:00,2016-07-01 00:00:00,2016-07-02 00:00:00
881,W_KCSArticle.881,3,2016-08-08 00:00:00,2016-08-13 00:00:00,2016-08-17 00:00:00
882,W_KCSArticle.882,2,2016-05-09 00:00:00,2016-05-16 00:00:00,2016-05-19 00:00:00
883,W_KCSArticle.883,3,2017-02-02 00:00:00,2017-02-07 00:00:00,2017-02-15 00:00:00
884,W_KCSArticle.884,1,2016-11-21 00:00:00,2016-11-30 00:00:00,2016-12-08 00:00:00
885,W_KCSArticle.885,1,2017-04-02 00:00:00,2017-04-06 00:00:00,2017-04-16 00:00:00
886,W_KCSArticle.886,4,2017-03-12 00:00:00,2017-03-16 00:00:00,2017-03-25 00:00:00
887,W_KCSArticle.887,2,2017-03-31 00:00:00,2017-04-01 00:00:00,2017-04-06 00:00:00
888,W_KCSArticle.888,4,2017-01-06 00:00:00,2017-01-11 00:00:00,2017-01-18 00:00:00
889,W_KCSArticle.889,5,2016-10-08 00:00:00,2016-10-16 00:00:00,2016-10-25 00:00:00
890,W_KCSArticle.890,3,2016-06-19 00:00:00,2016-06-21 00:00:00,2016-06-26 00:00:00
891,W_KCSArticle.891,2,2016-07-27 00:00:00,2016-08-06 00:00:00,2016-08-10 00:00:00
892,W_KCSArticle.892,4,2017-02-16 00:00:00,2017-02-24 00:00:00,2017-03-02 00:00:00
893,W_KCSArticle.893,3,2016-09-21 00:00:00,2016-09-29 00:00:00,2016-10-01 00:00:00
894,W_KCSArticle.894,4,2017-03-02 00:00:00,2017-03-10 00:00:00,2017-03-20 00:00:00
895,W_KCSArticle.895,2,2016-06-23 00:00:00,2016-07-01 00:00:00,2016-07-06 00:00:00
896,W_KCSArticle.896,1,2016-08-11 00:00:00,2016-08-21 00:00:00,2016-08-31 00:00:00
897,W_KCSArticle.897,2,2016-04-13 00:00:00,2016-04-16 00:00:00,2016-04-22 00:00:00
898,W_KCSArticle.898,3,2016-09-01 00:00:00,2016-09-09 00:00:00,2016-09-15 00:00:00
899,W_KCSArticle.899,2,2016-12-02 00:00:00,2016-12-08 00:00:00,2016-12-12 00:00:00
900,W_KCSArticle.900,3,2017-04-07 00:00:00,2017-04-13 00:00:00,2017-04-19 00:00:00
901,W_KCSArticle.901,4,2017-01-03 00:00:00,2017-01-05 00:00:00,2017-01-11 00:00:00
902,W_KCSArticle.902,4,2016-05-18 00:00:00,2016-05-19 00:00:00,2016-05-22 00:00:00
903,W_KCSArticle.903,4,2016-06-17 00:00:00,2016-06-23 00:00:00,2016-06-30 00:00:00
904,W_KCSArticle.904,1,2016-05-08 00:00:00,2016-05-10 00:00:00,2016-05-12 00:00:00
905,W_KCSArticle.905,5,2017-01-26 00:00:00,2017-01-31 00:00:00,2017-02-03 00:00:00
906,W_KCSArticle.906,5,2016-06-23 00:00:00,2016-06-26 00:00:00,2016-06-27 00:00:00
907,W_KCSArticle.907,4,2016-12-07 00:00:00,2016-12-16 00:00:00,2016-12-23 00:00:00
908,W_KCSArticle.908,3,2016-07-12 00:00:00,2016-07-18 00:00:00,2016-07-25 00:00:00
909,W_KCSArticle.909,3,2017-02-22 00:00:00,2017-02-26 00:00:00,2017-03-08 00:00:00
910,W_KCSArticle.910,2,2016-12-05 00:00:00,2016-12-08 00:00:00,2016-12-16 00:00:00
911,W_KCSArticle.911,2,2016-07-30 00:00:00,2016-08-03 00:00:00,2016-08-11 00:00:00
912,W_KCSArticle.912,4,2016-10-22 00:00:00,2016-10-29 00:00:00,2016-11-04 00:00:00
913,W_KCSArticle.913,1,2017-01-13 00:00:00,2017-01-18 00:00:00,2017-01-22 00:00:00
914,W_KCSArticle.914,2,2016-10-02 00:00:00,2016-10-07 00:00:00,2016-10-08 00:00:00
915,W_KCSArticle.915,3,2016-05-14 00:00:00,2016-05-21 00:00:00,2016-05-25 00:00:00
916,W_KCSArticle.916,3,2016-08-28 00:00:00,2016-09-03 00:00:00,2016-09-07 00:00:00
917,W_KCSArticle.917,4,2016-05-04 00:00:00,2016-05-14 00:00:00,2016-05-16 00:00:00
918,W_KCSArticle.918,4,2016-06-30 00:00:00,2016-07-08 00:00:00,2016-07-15 00:00:00
919,W_KCSArticle.919,5,2016-10-10 00:00:00,2016-10-12 00:00:00,2016-10-17 00:00:00
920,W_KCSArticle.920,2,2016-08-31 00:00:00,2016-09-03 00:00:00,2016-09-06 00:00:00
921,W_KCSArticle.921,1,2017-01-30 00:00:00,2017-02-04 00:00:00,2017-02-13 00:00:00
922,W_KCSArticle.922,5,2017-02-26 00:00:00,2017-03-07 00:00:00,2017-03-10 00:00:00
923,W_KCSArticle.923,2,2016-04-14 00:00:00,2016-04-17 00:00:00,2016-04-27 00:00:00
924,W_KCSArticle.924,5,2016-04-27 00:00:00,2016-05-01 00:00:00,2016-05-07 00:00:00
925,W_KCSArticle.925,2,2016-10-07 00:00:00,2016-10-12 00:00:00,2016-10-15 00:00:00
926,W_KCSArticle.926,2,2016-10-03 00:00:00,2016-10-08 00:00:00,2016-10-11 00:00:00
927,W_KCSArticle.927,4,2016-05-12 00:00:00,2016-05-22 00:00:00,2016-05-23 00:00:00
928,W_KCSArticle.928,1,2016-12-30 00:00:00,2017-01-08 00:00:00,2017-01-11 00:00:00
929,W_KCSArticle.929,3,2017-01-07 00:00:00,2017-01-08 00:00:00,2017-01-15 00:00:00
930,W_KCSArticle.930,4,2016-09-08 00:00:00,2016-09-11 00:00:00,2016-09-21 00:00:00
931,W_KCSArticle.931,3,2016-07-06 00:00:00,2016-07-14 00:00:00,2016-07-17 00:00:00
932,W_KCSArticle.932,4,2016-10-30 00:00:00,2016-11-02 00:00:00,2016-11-06 00:00:00
933,W_KCSArticle.933,1,2016-08-12 00:00:00,2016-08-15 00:00:00,2016-08-22 00:00:00
934,W_KCSArticle.934,5,2016-09-09 00:00:00,2016-09-11 00:00:00,2016-09-14 00:00:00
935,W_KCSArticle.935,3,2016-04-26 00:00:00,2016-05-03 00:00:00,2016-05-13 00:00:00
936,W_KCSArticle.936,4,2016-08-29 00:00:00,2016-09-08 00:00:00,2016-09-18 00:00:00
937,W_KCSArticle.937,4,2016-10-12 00:00:00,2016-10-19 00:00:00,2016-10-24 00:00:00
938,W_KCSArticle.938,2,2016-08-06 00:00:00,2016-08-16 00:00:00,2016-08-21 00:00:00
939,W_KCSArticle.939,5,2016-12-11 00:00:00,2016-12-20 00:00:00,2016-12-24 00:00:00
940,W_KCSArticle.940,1,2016-09-26 00:00:00,2016-09-28 00:00:00,2016-10-05 00:00:00
941,W_KCSArticle.941,4,2016-07-16 00:00:00,2016-07-20 00:00:00,2016-07-30 00:00:00
942,W_KCSArticle.942,5,2016-06-18 00:00:00,2016-06-20 00:00:00,2016-06-27 00:00:00
943,W_KCSArticle.943,5,2016-05-01 00:00:00,2016-05-11 00:00:00,2016-05-19 00:00:00
944,W_KCSArticle.944,1,2016-08-18 00:00:00,2016-08-19 00:00:00,2016-08-20 00:00:00
945,W_KCSArticle.945,2,2016-06-14 00:00:00,2016-06-22 00:00:00,2016-06-28 00:00:00
946,W_KCSArticle.946,2,2017-03-17 00:00:00,2017-03-24 00:00:00,2017-03-31 00:00:00
947,W_KCSArticle.947,3,2016-07-03 00:00:00,2016-07-07 00:00:00,2016-07-08 00:00:00
948,W_KCSArticle.948,2,2016-10-17 00:00:00,2016-10-26 00:00:00,2016-11-05 00:00:00
949,W_KCSArticle.949,2,2017-01-12 00:00:00,2017-01-19 00:00:00,2017-01-24 00:00:00
950,W_KCSArticle.950,5,2016-06-30 00:00:00,2016-07-06 00:00:00,2016-07-12 00:00:00
951,W_KCSArticle.951,1,2016-11-06 00:00:00,2016-11-16 00:00:00,2016-11-24 00:00:00
952,W_KCSArticle.952,3,2017-01-13 00:00:00,2017-01-20 00:00:00,2017-01-23 00:00:00
953,W_KCSArticle.953,4,2016-09-19 00:00:00,2016-09-23 00:00:00,2016-09-24 00:00:00
954,W_KCSArticle.954,5,2016-12-26 00:00:00,2017-01-02 00:00:00,2017-01-12 00:00:00
955,W_KCSArticle.955,3,2016-04-23 00:00:00,2016-04-30 00:00:00,2016-05-04 00:00:00
956,W_KCSArticle.956,3,2016-07-01 00:00:00,2016-07-10 00:00:00,2016-07-13 00:00:00
957,W_KCSArticle.957,1,2016-04-21 00:00:00,2016-04-22 00:00:00,2016-05-02 00:00:00
958,W_KCSArticle.958,1,2016-11-19 00:00:00,2016-11-24 00:00:00,2016-12-03 00:00:00
959,W_KCSArticle.959,1,2016-10-27 00:00:00,2016-11-04 00:00:00,2016-11-08 00:00:00
960,W_KCSArticle.960,3,2016-06-03 00:00:00,2016-06-11 00:00:00,2016-06-19 00:00:00
961,W_KCSArticle.961,1,2017-03-14 00:00:00,2017-03-15 00:00:00,2017-03-20 00:00:00
962,W_KCSArticle.962,3,2016-05-14 00:00:00,2016-05-20 00:00:00,2016-05-29 00:00:00
963,W_KCSArticle.963,5,2016-09-25 00:00:00,2016-09-29 00:00:00,2016-10-08 00:00:00
964,W_KCSArticle.964,3,2016-07-17 00:00:00,2016-07-22 00:00:00,2016-07-31 00:00:00
965,W_KCSArticle.965,4,2017-03-08 00:00:00,2017-03-11 00:00:00,2017-03-21 00:00:00
966,W_KCSArticle.966,5,2017-01-28 00:00:00,2017-01-30 00:00:00,2017-02-01 00:00:00
967,W_KCSArticle.967,4,2016-05-08 00:00:00,2016-05-17 00:00:00,2016-05-19 00:00:00
968,W_KCSArticle.968,5,2016-12-16 00:00:00,2016-12-26 00:00:00,2017-01-04 00:00:00
969,W_KCSArticle.969,1,2017-03-17 00:00:00,2017-03-22 00:00:00,2017-03-31 00:00:00
970,W_KCSArticle.970,5,2016-06-26 00:00:00,2016-06-30 00:00:00,2016-07-04 00:00:00
971,W_KCSArticle.971,2,2017-01-18 00:00:00,2017-01-28 00:00:00,2017-01-30 00:00:00
972,W_KCSArticle.972,3,2016-04-15 00:00:00,2016-04-16 00:00:00,2016-04-25 00:00:00
973,W_KCSArticle.973,1,2016-07-30 00:00:00,2016-08-03 00:00:00,2016-08-13 00:00:00
974,W_KCSArticle.974,4,2017-03-30 00:00:00,2017-04-06 00:00:00,2017-04-13 00:00:00
975,W_KCSArticle.975,2,2017-03-22 00:00:00,2017-03-31 00:00:00,2017-04-01 00:00:00
976,W_KCSArticle.976,4,2017-04-11 00:00:00,2017-04-15 00:00:00,2017-04-18 00:00:00
977,W_KCSArticle.977,1,2017-03-26 00:00:00,2017-03-27 00:00:00,2017-04-02 00:00:00
978,W_KCSArticle.978,5,2016-08-20 00:00:00,2016-08-22 00:00:00,2016-08-29 00:00:00
979,W_KCSArticle.979,4,2016-07-09 00:00:00,2016-07-12 00:00:00,2016-07-17 00:00:00
980,W_KCSArticle.980,1,2016-06-17 00:00:00,2016-06-27 00:00:00,2016-07-02 00:00:00
981,W_KCSArticle.981,4,2016-05-31 00:00:00,2016-06-05 00:00:00,2016-06-14 00:00:00
982,W_KCSArticle.982,5,2016-09-24 00:00:00,2016-09-26 00:00:00,2016-10-01 00:00:00
983,W_KCSArticle.983,2,2017-03-28 00:00:00,2017-04-02 00:00:00,2017-04-12 00:00:00
984,W_KCSArticle.984,1,2016-10-08 00:00:00,2016-10-12 00:00:00,2016-10-17 00:00:00
985,W_KCSArticle.985,4,2017-03-07 00:00:00,2017-03-15 00:00:00,2017-03-22 00:00:00
986,W_KCSArticle.986,1,2016-11-12 00:00:00,2016-11-15 00:00:00,2016-11-21 00:00:00
987,W_KCSArticle.987,5,2016-08-15 00:00:00,2016-08-23 00:00:00,2016-08-29 00:00:00
988,W_KCSArticle.988,2,2016-09-13 00:00:00,2016-09-21 00:00:00,2016-09-24 00:00:00
989,W_KCSArticle.989,5,2016-05-25 00:00:00,2016-05-26 00:00:00,2016-06-03 00:00:00
990,W_KCSArticle.990,2,2016-09-18 00:00:00,2016-09-20 00:00:00,2016-09-22 00:00:00
991,W_KCSArticle.991,4,2016-09-27 00:00:00,2016-09-28 00:00:00,2016-09-29 00:00:00
992,W_KCSArticle.992,5,2017-01-01 00:00:00,2017-01-09 00:00:00,2017-01-10 00:00:00
993,W_KCSArticle.993,5,2016-10-17 00:00:00,2016-10-24 00:00:00,2016-11-02 00:00:00
994,W_KCSArticle.994,2,2017-03-01 00:00:00,2017-03-08 00:00:00,2017-03-12 00:00:00
995,W_KCSArticle.995,4,2016-06-11 00:00:00,2016-06-21 00:00:00,2016-06-25 00:00:00
996,W_KCSArticle.996,5,2016-09-24 00:00:00,2016-10-03 00:00:00,2016-10-10 00:00:00
997,W_KCSArticle.997,4,2017-02-05 00:00:00,2017-02-06 00:00:00,2017-02-12 00:00:00
998,W_KCSArticle.998,5,2017-02-09 00:00:00,2017-02-17 00:00:00,2017-02-24 00:00:00
999,W_KCSArticle.999,5,2017-01-26 00:00:00,2017-02-05 00:00:00,2017-02-14 00:00:00
1000,W_KCSArticle.1000,5,2017-02-25 00:00:00,2017-02-27 00:00:00,2017-03-03 00:00:00
